{"type":"FeatureCollection", "features": [
{"type":"Feature","geometry":{"type":"Polygon","coordinates":[[[-82.31173117311731,28.96039603960396],[-82.2976297629763,28.94899489948995],[-82.27722772277228,28.91059105910591],[-82.27362736273628,28.897089708970896],[-82.24242424242425,28.876687668766877],[-82.23192319231923,28.856585658565855],[-82.22232223222322,28.85268526852685],[-82.20492049204921,28.834683468346835],[-82.18271827182718,28.821782178217823],[-82.17941794179418,28.803180318031803],[-82.17071707170717,28.79027902790279],[-82.18421842184219,28.783378337833785],[-82.18931893189318,28.75907590759076],[-82.20612061206121,28.757275727572758],[-82.23132313231324,28.735973597359735],[-82.24932493249325,28.717371737173718],[-82.24872487248724,28.701470147014703],[-82.25982598259826,28.682868286828683],[-82.26312631263126,28.66756675667567],[-82.27392739273927,28.660666066606662],[-82.26072607260726,28.636663666366637],[-82.22172217221723,28.593459345934594],[-82.21932193219322,28.582658265826584],[-82.20822082208221,28.57215721572157],[-82.19651965196519,28.575757575757574],[-82.16501650165017,28.564056405640564],[-82.15601560156016,28.573357335733572],[-82.13801380138014,28.565556555655565],[-82.13081308130813,28.546354635463548],[-82.1095109510951,28.543954395439545],[-82.09180918091809,28.523252325232523],[-82.06780678067807,28.53135313531353],[-82.05460546054606,28.52145214521452],[-82.05460546054606,28.47824782478248],[-82.05580558055806,28.312931293129314],[-82.02550255025503,28.322832283228323],[-81.99579957995799,28.31893189318932],[-81.98829882988299,28.306930693069308],[-81.95769576957696,28.30903090309031],[-81.95769576957696,28.345034503450346],[-81.95619561956195,28.413441344134412],[-81.95409540954095,28.580558055805582],[-81.95499549954995,28.642364236423642],[-81.95379537953795,28.755475547554756],[-81.95319531953196,28.87848784878488],[-81.95409540954095,28.96009600960096],[-82.17311731173118,28.96009600960096],[-82.31173117311731,28.96039603960396]]]},"properties":{"name":"Sumter"}},
{"type":"Feature","geometry":{"type":"Polygon","coordinates":[[[-81.95409540954095,28.96009600960096],[-81.95319531953196,28.87848784878488],[-81.95379537953795,28.755475547554756],[-81.95499549954995,28.642364236423642],[-81.95409540954095,28.580558055805582],[-81.95619561956195,28.413441344134412],[-81.95769576957696,28.345034503450346],[-81.85748574857486,28.345934593459347],[-81.85748574857486,28.36183618361836],[-81.79087908790879,28.36183618361836],[-81.79057905790579,28.346534653465348],[-81.65736573657365,28.34713471347135],[-81.65706570657066,28.56975697569757],[-81.64806480648065,28.584458445844586],[-81.65706570657066,28.592559255925593],[-81.65856585658565,28.682868286828683],[-81.65856585658565,28.766276627662766],[-81.64506450645065,28.77257725772577],[-81.64656465646564,28.785778577857787],[-81.47734773477347,28.786078607860787],[-81.41464146414641,28.785478547854787],[-81.41944194419442,28.815181518151814],[-81.4071407140714,28.834683468346835],[-81.38283828382838,28.85208520852085],[-81.36693669366937,28.87908790879088],[-81.35403540354035,28.898589858985897],[-81.36003600360036,28.906690669066908],[-81.35403540354035,28.92079207920792],[-81.35283528352835,28.946294629462948],[-81.36813681368137,28.955295529552956],[-81.36273627362736,28.974497449744973],[-81.35463546354636,28.984698469846986],[-81.37293729372938,28.993099309930994],[-81.38073807380738,29.007500750075007],[-81.4029402940294,29.032403240324033],[-81.41104110411041,29.032403240324033],[-81.43234323432343,29.044404440444044],[-81.44674467446745,29.062406240624064],[-81.45514551455146,29.063006300630065],[-81.46054605460546,29.07830783078308],[-81.45904590459045,29.094209420942093],[-81.47044704470447,29.096909690969095],[-81.48874887488749,29.093309330933092],[-81.5019501950195,29.097809780978096],[-81.50465046504651,29.123612361236123],[-81.52265226522653,29.156015601560156],[-81.52175217521753,29.166216621662166],[-81.53255325532554,29.177617761776176],[-81.55205520552055,29.184518451845186],[-81.56075607560756,29.2001200120012],[-81.57575757575758,29.202820282028203],[-81.59315931593159,29.1989198919892],[-81.61476147614762,29.206420642064206],[-81.61926192619262,29.22862286228623],[-81.63396339633964,29.244824482448244],[-81.64206420642064,29.276627662766277],[-81.64056405640564,29.13171317131713],[-81.63876387638764,29.047704770477047],[-81.65916591659166,29.047704770477047],[-81.65856585658565,28.96039603960396],[-81.71917191719172,28.96099609960996],[-81.84218421842185,28.96099609960996],[-81.85448544854485,28.95979597959796],[-81.95409540954095,28.96009600960096]]]},"properties":{"name":"Lake"}},
{"type":"Feature","geometry":{"type":"Polygon","coordinates":[[[-83.61176117611761,30.65136513651365],[-83.6042604260426,30.63816381638164],[-83.6042604260426,30.582058205820584],[-83.62076207620763,30.582058205820584],[-83.62106210621062,30.567356735673567],[-83.63726372637264,30.567356735673567],[-83.63726372637264,30.552655265526553],[-83.67056705670566,30.552955295529554],[-83.67116711671167,30.537953795379536],[-83.70417041704171,30.537953795379536],[-83.7044704470447,30.522952295229523],[-83.72607260726073,30.522952295229523],[-83.73687368736874,30.50765076507651],[-83.72757275727572,30.48994899489949],[-83.72397239723972,30.461146114611463],[-83.72817281728173,30.455745574557454],[-83.72217221722173,30.435343534353436],[-83.74047404740475,30.421242124212423],[-83.75097509750975,30.407740774077407],[-83.75847584758476,30.384938493849386],[-83.78847884788479,30.382238223822384],[-83.8037803780378,30.377437743774376],[-83.80798079807981,30.364836483648364],[-83.7935793579358,30.335433543354334],[-83.79267926792679,30.31923192319232],[-83.81128112811281,30.31833183318332],[-83.82028202820283,30.303630363036305],[-83.46864686468646,30.304230423042306],[-83.46924692469247,30.260426042604262],[-83.36723672367236,30.260426042604262],[-83.24722472247225,30.260726072607262],[-83.23162316231623,30.283828382838283],[-83.22802280228022,30.299429942994298],[-83.2100210021002,30.311731173117312],[-83.20822082208221,30.33033303330333],[-83.21242124212421,30.345934593459347],[-83.1935193519352,30.357935793579358],[-83.19291929192919,30.374137413741373],[-83.17101710171018,30.385238523852387],[-83.18001800180018,30.41014101410141],[-83.1947194719472,30.417041704170416],[-83.21722172217221,30.418841884188417],[-83.22202220222022,30.436843684368437],[-83.22592259225922,30.46804680468047],[-83.24362436243625,30.472847284728473],[-83.24092409240924,30.493249324932492],[-83.24452445244525,30.511251125112512],[-83.23882388238823,30.51815181518152],[-83.24722472247225,30.540954095409543],[-83.26072607260726,30.552955295529554],[-83.25592559255925,30.55925592559256],[-83.26282628262827,30.580858085808583],[-83.25652565256526,30.586258625862587],[-83.27572757275728,30.62886288628863],[-83.2931293129313,30.62886288628863],[-83.3093309330933,30.634263426342635],[-83.34083408340834,30.636363636363637],[-83.35763576357635,30.637263726372638],[-83.4998499849985,30.645664566456645],[-83.61176117611761,30.65136513651365]]]},"properties":{"name":"Madison"}},
{"type":"Feature","geometry":{"type":"Polygon","coordinates":[[[-81.68076807680768,29.324332433243324],[-81.66786678667867,29.301530153015303],[-81.65556555655566,29.300030003000302],[-81.64206420642064,29.276627662766277],[-81.63396339633964,29.244824482448244],[-81.61926192619262,29.22862286228623],[-81.61476147614762,29.206420642064206],[-81.59315931593159,29.1989198919892],[-81.57575757575758,29.202820282028203],[-81.56075607560756,29.2001200120012],[-81.55205520552055,29.184518451845186],[-81.53255325532554,29.177617761776176],[-81.52175217521753,29.166216621662166],[-81.52265226522653,29.156015601560156],[-81.50465046504651,29.123612361236123],[-81.5019501950195,29.097809780978096],[-81.48874887488749,29.093309330933092],[-81.47044704470447,29.096909690969095],[-81.45904590459045,29.094209420942093],[-81.46054605460546,29.07830783078308],[-81.45514551455146,29.063006300630065],[-81.44674467446745,29.062406240624064],[-81.43234323432343,29.044404440444044],[-81.41104110411041,29.032403240324033],[-81.4029402940294,29.032403240324033],[-81.38073807380738,29.007500750075007],[-81.37293729372938,28.993099309930994],[-81.35463546354636,28.984698469846986],[-81.36273627362736,28.974497449744973],[-81.36813681368137,28.955295529552956],[-81.35283528352835,28.946294629462948],[-81.35403540354035,28.92079207920792],[-81.36003600360036,28.906690669066908],[-81.35403540354035,28.898589858985897],[-81.36693669366937,28.87908790879088],[-81.35223522352236,28.862286228622864],[-81.35793579357936,28.847884788478847],[-81.34143414341435,28.846984698469846],[-81.32043204320432,28.834683468346835],[-81.22562256225622,28.832583258325833],[-81.22472247224722,28.821482148214823],[-81.21362136213621,28.804080408040804],[-81.1950195019502,28.792379237923793],[-81.18001800180018,28.795379537953796],[-81.17761776177618,28.785778577857787],[-81.15631563156316,28.791779177917793],[-81.13771377137714,28.791179117911792],[-81.12301230123012,28.813981398139813],[-81.12631263126313,28.821482148214823],[-81.10561056105611,28.82868286828683],[-81.08520852085209,28.816081608160815],[-81.06750675067507,28.813081308130812],[-81.05310531053105,28.773477347734772],[-81.06120612061206,28.75007500750075],[-81.03720372037203,28.725472547254725],[-81.03330333033303,28.70807080708071],[-81.01650165016501,28.693069306930692],[-81.02130213021302,28.674167416741675],[-81.01110111011101,28.66816681668167],[-81.001200120012,28.64116411641164],[-81.007200720072,28.636363636363637],[-80.98739873987398,28.612961296129612],[-80.96459645964596,28.613261326132612],[-80.96789678967897,28.79027902790279],[-80.88268826882688,28.791179117911792],[-80.73297329732974,28.791179117911792],[-80.78697869786978,28.875187518751876],[-80.87788778877888,29.01170117011701],[-80.89318931893189,29.036903690369037],[-80.90969096909691,29.07080708070807],[-80.92979297929793,29.09150915091509],[-80.94449444944495,29.11071107110711],[-80.96609660966097,29.14791479147915],[-81.04680468046804,29.30783078307831],[-81.10201020102011,29.426942694269428],[-81.14881488148815,29.416741674167415],[-81.15601560156016,29.41104110411041],[-81.15391539153916,29.382838283828384],[-81.15001500150015,29.265826582658267],[-81.20942094209421,29.264026402640265],[-81.41734173417342,29.261026102610263],[-81.42064206420642,29.3996399639964],[-81.43384338433843,29.3984398439844],[-81.45094509450945,29.378337833783377],[-81.54905490549055,29.354335433543355],[-81.68076807680768,29.324332433243324]]]},"properties":{"name":"Volusia"}},
{"type":"Feature","geometry":{"type":"Polygon","coordinates":[[[-80.88568856885689,26.95889588958896],[-80.88598859885988,26.76927692769277],[-80.88568856885689,26.60936093609361],[-80.88298829882989,26.465046504650466],[-80.87998799879988,26.345934593459347],[-80.88118811881188,26.333933393339333],[-80.53975397539755,26.334833483348334],[-80.29702970297029,26.334233423342333],[-80.29702970297029,26.355535553555356],[-80.2040204020402,26.327932793279327],[-80.0993099309931,26.327632763276327],[-80.08790879087908,26.32073207320732],[-80.07470747074707,26.32103210321032],[-80.07050705070507,26.336333633363335],[-80.06150615061506,26.432943294329434],[-80.05040504050405,26.50945094509451],[-80.04200420042004,26.545454545454547],[-80.03630363036304,26.602460246024602],[-80.03690369036903,26.645964596459645],[-80.03330333033303,26.714671467146715],[-80.03750375037504,26.766276627662766],[-80.03210321032103,26.773777377737773],[-80.03150315031503,26.796279627962797],[-80.04620462046205,26.859285928592858],[-80.07980798079808,26.97059705970597],[-80.14161416141614,26.97089708970897],[-80.14191419141915,26.956495649564957],[-80.25472547254725,26.957095709570957],[-80.38463846384639,26.95829582958296],[-80.44374437443744,26.957695769576958],[-80.61806180618062,26.957695769576958],[-80.88568856885689,26.95889588958896]]]},"properties":{"name":"Palm Beach"}},
{"type":"Feature","geometry":{"type":"Polygon","coordinates":[[[-87.16351635163517,30.999099909991],[-87.17491749174917,30.98859885988599],[-87.20492049204921,30.96999699969997],[-87.22772277227723,30.96099609960996],[-87.25562556255626,30.93159315931593],[-87.26762676267627,30.934593459345933],[-87.28232823282329,30.924692469246924],[-87.28442844284429,30.888088808880887],[-87.2985298529853,30.88118811881188],[-87.31383138313831,30.848784878487848],[-87.3033303330333,30.83858385838584],[-87.2931293129313,30.81248124812481],[-87.3054305430543,30.7986798679868],[-87.31053105310531,30.77197719771977],[-87.3042304230423,30.765676567656765],[-87.31233123312332,30.734773477347733],[-87.30843084308431,30.726972697269726],[-87.27212721272127,30.716171617161717],[-87.27302730273027,30.698769876987697],[-87.26582658265826,30.68916891689169],[-87.26702670267026,30.664866486648666],[-87.25622562256225,30.61116111611161],[-87.23672367236723,30.596459645964597],[-87.20972097209722,30.555355535553556],[-87.19531953195319,30.54905490549055],[-87.15931593159316,30.539153915391537],[-87.13681368136814,30.511551155115512],[-87.12151215121513,30.497449744974496],[-87.13321332133214,30.46864686468647],[-87.14161416141614,30.436543654365437],[-87.15181518151815,30.41254125412541],[-87.16111611161116,30.405640564056405],[-87.21632163216321,30.377437743774376],[-87.23342334233423,30.37023702370237],[-87.23132313231324,30.343234323432345],[-87.20732073207321,30.341734173417343],[-87.17911791179118,30.336033603360335],[-87.15301530153015,30.34833483348335],[-87.1014101410141,30.353135313531354],[-86.97269726972698,30.381038103810383],[-86.91899189918992,30.386438643864388],[-86.91899189918992,30.37083708370837],[-86.83618361836183,30.383438343834385],[-86.7995799579958,30.38733873387339],[-86.7956795679568,30.617161716171616],[-86.79387938793879,30.625862586258627],[-86.79087908790879,30.780378037803782],[-86.78817881788179,30.871887188718873],[-86.78577857785778,30.996999699969997],[-86.92769276927693,30.997599759975998],[-87.14071407140715,30.999399939994],[-87.16351635163517,30.999099909991]]]},"properties":{"name":"Santa Rosa"}},
{"type":"Feature","geometry":{"type":"Polygon","coordinates":[[[-82.45844584458446,30.136513651365135],[-82.45244524452445,30.123912391239124],[-82.45604560456046,30.105610561056107],[-82.46804680468047,30.096909690969095],[-82.4989498949895,30.088808880888088],[-82.51905190519052,30.075907590759076],[-82.53555355535553,30.055205520552054],[-82.53945394539454,30.034803480348035],[-82.53645364536453,30.025202520252027],[-82.56765676567657,30.013501350135012],[-82.57605760576058,29.990999099909992],[-82.56915691569156,29.975097509750974],[-82.53315331533153,29.95829582958296],[-82.52985298529853,29.940894089408943],[-82.5109510951095,29.945094509450946],[-82.48454845484548,29.939693969396938],[-82.47224722472247,29.926492649264926],[-82.46114611461147,29.93159315931593],[-82.43324332433244,29.92919291929193],[-82.41884188418842,29.923192319231923],[-82.39033903390339,29.925592559255925],[-82.36993699369937,29.935493549354934],[-82.35163516351635,29.937593759375936],[-82.34263426342635,29.96099609960996],[-82.31893189318932,29.954395439543955],[-82.30753075307531,29.956195619561957],[-82.27332733273327,29.999099909991],[-82.25982598259826,30.02820282028203],[-82.22562256225622,30.034203420342035],[-82.2076207620762,30.05280528052805],[-82.18781878187819,30.063906390639065],[-82.17761776177618,30.075307530753076],[-82.16981698169818,30.099309930993098],[-82.14731473147314,30.11011101110111],[-82.13801380138014,30.126312631263126],[-82.14251425142514,30.143114311431145],[-82.35943594359436,30.141014101410143],[-82.35943594359436,30.139213921392138],[-82.44374437443744,30.138013801380136],[-82.45844584458446,30.136513651365135]]]},"properties":{"name":"Union"}},
{"type":"Feature","geometry":{"type":"Polygon","coordinates":[[[-81.14221422142214,27.643264326432643],[-81.14461446144614,27.616861686168615],[-81.14041404140414,27.6009600960096],[-81.15541554155415,27.591059105910592],[-81.15751575157516,27.575157515751574],[-81.16831683168317,27.573057305730572],[-81.17551755175518,27.56045604560456],[-81.1890189018902,27.557155715571557],[-81.20942094209421,27.534953495349534],[-81.2076207620762,27.517851785178518],[-81.1983198319832,27.51035103510351],[-81.2055205520552,27.49024902490249],[-81.18211821182118,27.482748274827483],[-81.16891689168916,27.459645964596458],[-81.15451545154515,27.454245424542453],[-81.13921392139214,27.434143414341435],[-81.14221422142214,27.41254125412541],[-81.13201320132013,27.408640864086408],[-81.12511251125113,27.393639363936394],[-81.11401140114012,27.385238523852387],[-81.06840684068406,27.382238223822384],[-81.03360336033603,27.357035703570357],[-81.04620462046205,27.337533753375336],[-81.03780378037804,27.32973297329733],[-81.02550255025503,27.302430243024304],[-81.00420042004201,27.302130213021304],[-80.997299729973,27.293429342934292],[-80.999699969997,27.27062706270627],[-80.99249924992499,27.25022502250225],[-80.98049804980498,27.246324632463246],[-80.98169816981698,27.231623162316232],[-80.97059705970597,27.217521752175216],[-80.95109510951094,27.223822382238225],[-80.94059405940594,27.205820582058205],[-80.91749174917491,27.18991899189919],[-80.9099909990999,27.176117611761175],[-80.89798979897989,27.165916591659165],[-80.88088808880889,27.165916591659165],[-80.87128712871286,27.154815481548155],[-80.87488748874887,27.095109510951094],[-80.88568856885689,26.95889588958896],[-80.68556855685569,27.114611461146115],[-80.67746774677468,27.12151215121512],[-80.67776777677767,27.206120612061206],[-80.67776777677767,27.294029402940293],[-80.67866786678668,27.448544854485448],[-80.67986798679868,27.55835583558356],[-80.77707770777077,27.55865586558656],[-80.77797779777978,27.643264326432643],[-80.87308730873087,27.642364236423642],[-81.02280228022802,27.642064206420642],[-81.14221422142214,27.643264326432643]]]},"properties":{"name":"Okeechobee"}},
{"type":"Feature","geometry":{"type":"Polygon","coordinates":[[[-85.38913891389139,29.924692469246924],[-85.36363636363636,29.898889888988897],[-85.35013501350134,29.876987698769877],[-85.34293429342934,29.857785778577856],[-85.31443144314431,29.832583258325833],[-85.3114311431143,29.814281428142813],[-85.3009300930093,29.7989798979898],[-85.30513051305131,29.76987698769877],[-85.30393039303931,29.72067206720672],[-85.31383138313831,29.686468646864686],[-85.32883288328833,29.686468646864686],[-85.36063606360636,29.67866786678668],[-85.36303630363037,29.69096909690969],[-85.37803780378037,29.70957095709571],[-85.3885388538854,29.73027302730273],[-85.3954395439544,29.762376237623762],[-85.41044104410442,29.807980798079807],[-85.41044104410442,29.83078307830783],[-85.4002400240024,29.85058505850585],[-85.41164116411642,29.859885988598858],[-85.41764176417642,29.82988298829883],[-85.4095409540954,29.781578157815783],[-85.39843984398439,29.742874287428744],[-85.38733873387339,29.715271527152716],[-85.36513651365136,29.677167716771677],[-85.35163516351635,29.666666666666668],[-85.31833183318332,29.68166816681668],[-85.27662766276627,29.683468346834683],[-85.21752175217522,29.694869486948694],[-85.20612061206121,29.711071107110712],[-85.1095109510951,29.776777677767775],[-85.07920792079207,29.768676867686768],[-85.06870687068707,29.784578457845786],[-85.04020402040204,29.779477947794778],[-85.03600360036003,29.792379237923793],[-85.02040204020402,29.807380738073807],[-85.01980198019803,29.819981998199818],[-85.03270327032703,29.83018301830183],[-85.04110411041104,29.875787578757876],[-85.05430543054305,29.901890189018903],[-85.04170417041705,29.93009300930093],[-85.01980198019803,29.953495349534954],[-85.02550255025503,29.97149714971497],[-85.02970297029702,29.98739873987399],[-85.05070507050705,29.990999099909992],[-85.05400540054005,30.001200120012],[-85.07200720072007,30.004800480048004],[-85.08520852085209,30.014701470147013],[-85.0990099009901,30.015301530153014],[-85.11371137113711,30.023102310231025],[-85.13531353135313,30.043204320432043],[-85.13711371137114,30.086708670867086],[-85.14911491149115,30.11041104110411],[-85.13261326132613,30.145514551455147],[-85.13981398139813,30.163516351635163],[-85.13351335133514,30.181818181818183],[-85.11551155115511,30.2001200120012],[-85.21752175217522,30.2010201020102],[-85.3897389738974,30.2010201020102],[-85.3897389738974,30.145214521452147],[-85.39153915391539,30.000600060006],[-85.38913891389139,29.924692469246924]]]},"properties":{"name":"Gulf"}},
{"type":"Feature","geometry":{"type":"Polygon","coordinates":[[[-83.82028202820283,30.303630363036305],[-83.83858385838583,30.28052805280528],[-83.86138613861387,30.27092709270927],[-83.88178817881789,30.26762676267627],[-83.8973897389739,30.25202520252025],[-83.91569156915692,30.245124512451245],[-83.91809180918092,30.214821482148214],[-83.92739273927393,30.19081908190819],[-83.94089408940894,30.192019201920193],[-83.95169516951695,30.185118511851186],[-83.96069606960697,30.151815181518153],[-83.97329732973297,30.145214521452147],[-83.96879687968797,30.135913591359135],[-83.98139813981398,30.11011101110111],[-83.99219921992199,30.095709570957094],[-83.99129912991299,30.086108610861086],[-83.98319831983198,30.073207320732074],[-83.95979597959796,30.064806480648066],[-83.93189318931893,30.044104410441044],[-83.92529252925293,30.034503450345035],[-83.84548454845485,29.998199819982],[-83.82868286828683,29.983198319831985],[-83.8076807680768,29.976597659765975],[-83.7887788778878,29.976897689768975],[-83.74617461746175,29.957695769576958],[-83.72787278727873,29.940894089408943],[-83.68076807680768,29.92169216921692],[-83.65346534653466,29.894689468946893],[-83.63786378637863,29.885988598859885],[-83.61866186618661,29.842484248424842],[-83.58685868586859,29.819081908190817],[-83.58895889588959,29.805280528052805],[-83.58175817581758,29.792079207920793],[-83.5892589258926,29.783378337833785],[-83.57905790579058,29.768376837683768],[-83.56615661566157,29.76147614761476],[-83.55985598559856,29.743174317431745],[-83.54245424542454,29.728172817281727],[-83.5040504050405,29.713771377137714],[-83.49294929492949,29.712571257125713],[-83.48364836483648,29.688268826882688],[-83.44824482448244,29.675367536753676],[-83.43624362436243,29.677467746774678],[-83.42484248424843,29.66966696669667],[-83.4095409540954,29.66846684668467],[-83.39843984398439,29.673867386738674],[-83.37323732373237,29.666066606660667],[-83.35073507350735,29.695169516951694],[-83.35133513351334,29.706570657065708],[-83.34503450345035,29.726672667266726],[-83.34563456345634,29.743474347434745],[-83.33663366336634,29.76057605760576],[-83.31953195319532,29.778277827782777],[-83.31893189318932,29.822682268226824],[-83.35283528352835,29.822082208220824],[-83.35313531353135,29.887788778877887],[-83.37083708370837,29.887788778877887],[-83.37023702370237,29.98769876987699],[-83.36843684368436,30.128712871287128],[-83.36843684368436,30.18721872187219],[-83.36663666366637,30.2010201020102],[-83.36723672367236,30.260426042604262],[-83.46924692469247,30.260426042604262],[-83.46864686468646,30.304230423042306],[-83.82028202820283,30.303630363036305]]]},"properties":{"name":"Taylor"}},
{"type":"Feature","geometry":{"type":"Polygon","coordinates":[[[-81.41464146414641,28.785478547854787],[-81.47734773477347,28.786078607860787],[-81.64656465646564,28.785778577857787],[-81.64506450645065,28.77257725772577],[-81.65856585658565,28.766276627662766],[-81.65856585658565,28.682868286828683],[-81.65706570657066,28.592559255925593],[-81.64806480648065,28.584458445844586],[-81.65706570657066,28.56975697569757],[-81.65736573657365,28.34713471347135],[-81.45784578457845,28.34713471347135],[-81.44794479447945,28.34803480348035],[-81.0948094809481,28.34803480348035],[-80.86288628862886,28.34743474347435],[-80.87398739873987,28.36153615361536],[-80.88958895889589,28.392439243924393],[-80.88508850885088,28.41074107410741],[-80.89558955895589,28.420642064206422],[-80.8982898289829,28.431743174317432],[-80.89198919891989,28.44914491449145],[-80.89438943894389,28.46714671467147],[-80.87518751875187,28.46894689468947],[-80.87338733873388,28.482148214821482],[-80.88568856885689,28.51035103510351],[-80.9039903990399,28.51035103510351],[-80.90699069906991,28.52025202520252],[-80.92349234923492,28.53285328532853],[-80.93729372937294,28.536453645364535],[-80.93009300930093,28.563156315631563],[-80.95319531953196,28.6009600960096],[-80.98739873987398,28.612961296129612],[-81.0981098109811,28.61266126612661],[-81.32793279327933,28.61056105610561],[-81.32853285328532,28.63966396639664],[-81.45964596459646,28.64026402640264],[-81.45964596459646,28.713171317131714],[-81.44104410441044,28.715571557155716],[-81.42364236423643,28.735373537353734],[-81.41524152415242,28.763576357635763],[-81.41464146414641,28.785478547854787]]]},"properties":{"name":"Orange"}},
{"type":"Feature","geometry":{"type":"Polygon","coordinates":[[[-82.66996699669967,28.433543354335434],[-82.6945694569457,28.415241524152414],[-82.68796879687969,28.408640864086408],[-82.7044704470447,28.3993399339934],[-82.7068706870687,28.386138613861387],[-82.7011701170117,28.374737473747373],[-82.71767176717671,28.353435343534354],[-82.71587158715872,28.345634563456347],[-82.73147314731473,28.324932493249324],[-82.73537353735374,28.306630663066308],[-82.73267326732673,28.282028202820282],[-82.74017401740174,28.282328232823282],[-82.74917491749174,28.255925592559255],[-82.74827482748275,28.246924692469246],[-82.76447644764477,28.231923192319233],[-82.75607560756076,28.22802280228023],[-82.77017701770177,28.207620762076207],[-82.78247824782478,28.207320732073207],[-82.78727872787279,28.192919291929194],[-82.7977797779778,28.18781878187819],[-82.79297929792979,28.17281728172817],[-82.65106510651066,28.173117311731172],[-82.51665166516652,28.17281728172817],[-82.42814281428143,28.17131713171317],[-82.1059105910591,28.17161716171617],[-82.1062106210621,28.259225922592258],[-82.05550555055505,28.258925892589257],[-82.05580558055806,28.312931293129314],[-82.05460546054606,28.47824782478248],[-82.25322532253226,28.47854785478548],[-82.25352535253525,28.434743474347435],[-82.45304530453045,28.433843384338434],[-82.66996699669967,28.433543354335434]]]},"properties":{"name":"Pasco"}},
{"type":"Feature","geometry":{"type":"MultiPolygon","coordinates":[[[[-82.06000600060005,26.77047704770477],[-82.06660666066607,26.742574257425744],[-82.08490849084909,26.702370237023704],[-82.0912091209121,26.666666666666668],[-82.08220822082208,26.653465346534652],[-82.0990099009901,26.645964596459645],[-82.1119111911191,26.68166816681668],[-82.12571257125713,26.699669966996698],[-82.15811581158115,26.70747074707471],[-82.17371737173717,26.705670567056707],[-82.18361836183618,26.694869486948694],[-82.18151815181518,26.68166816681668],[-82.16591659165917,26.66936693669367],[-82.14251425142514,26.643864386438644],[-82.14761476147615,26.634563456345635],[-82.13861386138613,26.61266126612661],[-82.13201320132013,26.61026102610261],[-82.12451245124512,26.582358235823584],[-82.12241224122413,26.555055505550555],[-82.11401140114012,26.540654065406542],[-82.1119111911191,26.527452745274527],[-82.1005100510051,26.51065106510651],[-82.10651065106511,26.49144914491449],[-82.0960096009601,26.483948394839484],[-82.08580858085809,26.48934893489349],[-82.05700570057006,26.493849384938493],[-82.06840684068406,26.513651365136514],[-82.06930693069307,26.535553555355534],[-82.05820582058206,26.54845484548455],[-82.04470447044704,26.539753975397538],[-82.03870387038704,26.525652565256525],[-82.00600060006,26.534353435343533],[-82.00900090009002,26.51995199519952],[-82.007200720072,26.497149714971496],[-82.01260126012602,26.486948694869486],[-81.96939693969397,26.476447644764477],[-81.95649564956496,26.46714671467147],[-81.95619561956195,26.45244524452445],[-81.93849384938494,26.444944494449445],[-81.91299129912991,26.42934293429343],[-81.9015901590159,26.41104110411041],[-81.86888688868886,26.378637863786377],[-81.84578457845785,26.33033303330333],[-81.81908190819082,26.33033303330333],[-81.81908190819082,26.316231623162317],[-81.65796579657966,26.317431743174318],[-81.65946594659466,26.420942094209423],[-81.56225622562256,26.422742274227424],[-81.56375637563757,26.513351335133514],[-81.56645664566457,26.70957095709571],[-81.56585658565857,26.76957695769577],[-81.76087608760876,26.76957695769577],[-82.06000600060005,26.77047704770477]]],[[[-82.22412241224123,26.602760276027603],[-82.22082208220822,26.583858385838585],[-82.2052205220522,26.567956795679567],[-82.19891989198919,26.546054605460547],[-82.18631863186319,26.48934893489349],[-82.17281728172817,26.46774677467747],[-82.14881488148815,26.455445544554454],[-82.12661266126612,26.436243624362437],[-82.0981098109811,26.424842484248426],[-82.07500750075008,26.422142214221424],[-82.06300630063006,26.425442544254427],[-82.01380138013802,26.45214521452145],[-82.03210321032103,26.45274527452745],[-82.06240624062406,26.47014701470147],[-82.07680768076807,26.466246624662467],[-82.08850885088509,26.455145514551454],[-82.13261326132613,26.47914791479148],[-82.14941494149414,26.477647764776478],[-82.16861686168617,26.487848784878487],[-82.17941794179418,26.512451245124513],[-82.18781878187819,26.523552355235523],[-82.21422142214222,26.603060306030603],[-82.22412241224123,26.602760276027603]]],[[[-82.26252625262526,26.684068406840684],[-82.26252625262526,26.677467746774678],[-82.24842484248425,26.661566156615663],[-82.23612361236124,26.637863786378638],[-82.22832283228323,26.644464446444644],[-82.23852385238524,26.662466246624664],[-82.23432343234323,26.676867686768677],[-82.24542454245424,26.686168616861686],[-82.24602460246025,26.705970597059707],[-82.25592559255925,26.703870387038705],[-82.26252625262526,26.684068406840684]]],[[[-82.2010201020102,26.77077707770777],[-82.22142214221422,26.781878187818783],[-82.27212721272127,26.78937893789379],[-82.26942694269427,26.784578457845786],[-82.25982598259826,26.728172817281727],[-82.24992499249925,26.762976297629763],[-82.23072307230723,26.77107710771077],[-82.22052205220523,26.766576657665766],[-82.2010201020102,26.77077707770777]]]]},"properties":{"name":"Lee"}},
{"type":"Feature","geometry":{"type":"Polygon","coordinates":[[[-82.05580558055806,28.312931293129314],[-82.05550555055505,28.258925892589257],[-82.1062106210621,28.259225922592258],[-82.1059105910591,28.17161716171617],[-82.05640564056405,28.17161716171617],[-82.05670567056706,28.10891089108911],[-82.05490549054906,27.90759075907591],[-82.05400540054005,27.854785478547853],[-82.05490549054906,27.766276627662766],[-82.05430543054305,27.646264626462646],[-81.78907890789078,27.646264626462646],[-81.56345634563456,27.646564656465646],[-81.31203120312031,27.646264626462646],[-81.14221422142214,27.643264326432643],[-81.13261326132613,27.647464746474647],[-81.13111311131114,27.659165916591657],[-81.14431443144315,27.66966696669667],[-81.14911491149115,27.69216921692169],[-81.14581458145814,27.71047104710471],[-81.16891689168916,27.726372637263726],[-81.16501650165017,27.742274227422744],[-81.17851785178517,27.751875187518753],[-81.18091809180918,27.773777377737773],[-81.1962196219622,27.79087908790879],[-81.21452145214522,27.82868286828683],[-81.22952295229523,27.84188418841884],[-81.24632463246324,27.848784878487848],[-81.26072607260726,27.846984698469846],[-81.29702970297029,27.859585958595858],[-81.31503150315031,27.901290129012903],[-81.30873087308731,27.921992199219922],[-81.34143414341435,27.93249324932493],[-81.33663366336634,27.94959495949595],[-81.34983498349835,27.953795379537954],[-81.34983498349835,27.963696369636963],[-81.37653765376538,27.978397839783977],[-81.38703870387039,28.003600360036003],[-81.42004200420043,28.001800180018],[-81.42484248424843,28.013801380138013],[-81.44044404440444,28.033903390339034],[-81.45874587458746,28.04020402040204],[-81.45754575457546,28.055205520552054],[-81.44344434443444,28.059105910591057],[-81.42814281428143,28.03930393039304],[-81.4059405940594,28.02910291029103],[-81.39393939393939,28.02790279027903],[-81.38253825382539,28.01230123012301],[-81.37563756375637,28.02970297029703],[-81.36363636363636,28.037803780378038],[-81.36513651365136,28.06810681068107],[-81.34623462346235,28.06960696069607],[-81.34653465346534,28.084608460846084],[-81.45574557455745,28.084908490849084],[-81.45634563456346,28.143114311431145],[-81.52415241524153,28.142814281428144],[-81.52415241524153,28.2010201020102],[-81.55745574557456,28.259225922592258],[-81.65706570657066,28.259225922592258],[-81.65736573657365,28.34713471347135],[-81.79057905790579,28.346534653465348],[-81.79087908790879,28.36183618361836],[-81.85748574857486,28.36183618361836],[-81.85748574857486,28.345934593459347],[-81.95769576957696,28.345034503450346],[-81.95769576957696,28.30903090309031],[-81.98829882988299,28.306930693069308],[-81.99579957995799,28.31893189318932],[-82.02550255025503,28.322832283228323],[-82.05580558055806,28.312931293129314]]]},"properties":{"name":"Polk"}},
{"type":"Feature","geometry":{"type":"Polygon","coordinates":[[[-80.98739873987398,28.612961296129612],[-80.95319531953196,28.6009600960096],[-80.93009300930093,28.563156315631563],[-80.93729372937294,28.536453645364535],[-80.92349234923492,28.53285328532853],[-80.90699069906991,28.52025202520252],[-80.9039903990399,28.51035103510351],[-80.88568856885689,28.51035103510351],[-80.87338733873388,28.482148214821482],[-80.87518751875187,28.46894689468947],[-80.89438943894389,28.46714671467147],[-80.89198919891989,28.44914491449145],[-80.8982898289829,28.431743174317432],[-80.89558955895589,28.420642064206422],[-80.88508850885088,28.41074107410741],[-80.88958895889589,28.392439243924393],[-80.87398739873987,28.36153615361536],[-80.86288628862886,28.34743474347435],[-80.86138613861387,28.25232523252325],[-80.86288628862886,28.084608460846084],[-80.86918691869187,28.084608460846084],[-80.87008700870086,27.982598259825984],[-80.86888688868886,27.822382238223824],[-80.77017701770177,27.823582358235825],[-80.6069606960696,27.822382238223824],[-80.50915091509151,27.822082208220824],[-80.4968496849685,27.83828382838284],[-80.4911491149115,27.854485448544853],[-80.45484548454846,27.854785478547853],[-80.44704470447044,27.859885988598858],[-80.44704470447044,27.861986198619864],[-80.49294929492949,27.940594059405942],[-80.53105310531053,28.013801380138013],[-80.56345634563456,28.086108610861086],[-80.57185718571857,28.111611161116112],[-80.5940594059406,28.195919591959196],[-80.6033603360336,28.25262526252625],[-80.6069606960696,28.296429642964295],[-80.60606060606061,28.339033903390337],[-80.6021602160216,28.368136813681367],[-80.58895889588959,28.407740774077407],[-80.56375637563757,28.435943594359436],[-80.52895289528954,28.44974497449745],[-80.52505250525053,28.459345934593458],[-80.55415541554156,28.513951395139514],[-80.56105610561056,28.53075307530753],[-80.57425742574257,28.585358535853587],[-80.61686168616862,28.634563456345635],[-80.64716471647165,28.677767776777678],[-80.70987098709871,28.756675667566757],[-80.73297329732974,28.791179117911792],[-80.88268826882688,28.791179117911792],[-80.96789678967897,28.79027902790279],[-80.96459645964596,28.613261326132612],[-80.98739873987398,28.612961296129612]]]},"properties":{"name":"Brevard"}},
{"type":"Feature","geometry":{"type":"Polygon","coordinates":[[[-81.65736573657365,28.34713471347135],[-81.65706570657066,28.259225922592258],[-81.55745574557456,28.259225922592258],[-81.52415241524153,28.2010201020102],[-81.52415241524153,28.142814281428144],[-81.45634563456346,28.143114311431145],[-81.45574557455745,28.084908490849084],[-81.34653465346534,28.084608460846084],[-81.34623462346235,28.06960696069607],[-81.36513651365136,28.06810681068107],[-81.36363636363636,28.037803780378038],[-81.37563756375637,28.02970297029703],[-81.38253825382539,28.01230123012301],[-81.39393939393939,28.02790279027903],[-81.4059405940594,28.02910291029103],[-81.42814281428143,28.03930393039304],[-81.44344434443444,28.059105910591057],[-81.45754575457546,28.055205520552054],[-81.45874587458746,28.04020402040204],[-81.44044404440444,28.033903390339034],[-81.42484248424843,28.013801380138013],[-81.42004200420043,28.001800180018],[-81.38703870387039,28.003600360036003],[-81.37653765376538,27.978397839783977],[-81.34983498349835,27.963696369636963],[-81.34983498349835,27.953795379537954],[-81.33663366336634,27.94959495949595],[-81.34143414341435,27.93249324932493],[-81.30873087308731,27.921992199219922],[-81.31503150315031,27.901290129012903],[-81.29702970297029,27.859585958595858],[-81.26072607260726,27.846984698469846],[-81.24632463246324,27.848784878487848],[-81.22952295229523,27.84188418841884],[-81.21452145214522,27.82868286828683],[-81.1962196219622,27.79087908790879],[-81.18091809180918,27.773777377737773],[-81.17851785178517,27.751875187518753],[-81.16501650165017,27.742274227422744],[-81.16891689168916,27.726372637263726],[-81.14581458145814,27.71047104710471],[-81.14911491149115,27.69216921692169],[-81.14431443144315,27.66966696669667],[-81.13111311131114,27.659165916591657],[-81.13261326132613,27.647464746474647],[-81.14221422142214,27.643264326432643],[-81.02280228022802,27.642064206420642],[-80.87308730873087,27.642364236423642],[-80.87368736873687,27.733873387338733],[-80.87998799879988,27.733573357335732],[-80.88148814881488,27.822382238223824],[-80.86888688868886,27.822382238223824],[-80.87008700870086,27.982598259825984],[-80.86918691869187,28.084608460846084],[-80.86288628862886,28.084608460846084],[-80.86138613861387,28.25232523252325],[-80.86288628862886,28.34743474347435],[-81.0948094809481,28.34803480348035],[-81.44794479447945,28.34803480348035],[-81.45784578457845,28.34713471347135],[-81.65736573657365,28.34713471347135]]]},"properties":{"name":"Osceola"}},
{"type":"Feature","geometry":{"type":"Polygon","coordinates":[[[-85.4980498049805,30.996999699969997],[-85.53045304530453,30.97149714971497],[-85.53195319531953,30.942094209420944],[-85.54785478547855,30.93219321932193],[-85.55925592559255,30.913891389138914],[-85.57545754575457,30.898589858985897],[-85.58415841584159,30.874587458745875],[-85.5949594959496,30.859585958595858],[-85.6000600060006,30.83048304830483],[-85.48214821482148,30.82958295829583],[-85.48274827482749,30.785778577857787],[-85.43234323432343,30.785478547854787],[-85.43294329432943,30.701170117011703],[-85.43504350435043,30.625262526252627],[-85.43474347434743,30.567656765676567],[-85.38403840384038,30.566756675667566],[-85.17191719171917,30.564356435643564],[-85.17251725172517,30.585058505850586],[-85.16771677167716,30.608160816081607],[-84.98289828982898,30.605760576057605],[-84.93249324932493,30.606360636063606],[-84.90819081908191,30.619561956195618],[-84.9042904290429,30.636363636363637],[-84.8946894689469,30.644464446444644],[-84.88748874887489,30.663666366636665],[-84.87488748874887,30.672067206720673],[-84.85778577857786,30.698469846984697],[-84.86468646864687,30.711671167116712],[-84.86978697869787,30.72187218721872],[-84.88388838883888,30.73267326732673],[-84.8961896189619,30.75067506750675],[-84.91419141914191,30.753675367536754],[-84.92019201920192,30.765976597659765],[-84.91809180918092,30.777977797779776],[-84.92679267926793,30.79027902790279],[-84.92799279927993,30.802880288028803],[-84.93729372937294,30.820882088208823],[-84.93579357935793,30.834083408340835],[-84.92709270927092,30.83918391839184],[-84.93939393939394,30.871587158715872],[-84.93429342934293,30.88178817881788],[-84.96669666966697,30.917191719171917],[-84.97089708970897,30.928292829282928],[-84.98349834983499,30.936993699369935],[-84.97959795979598,30.954695469546955],[-84.98259825982598,30.965496549654965],[-85.00390039003901,30.973597359735972],[-85.002400240024,31.000600060006],[-85.24362436243625,31.000900090009],[-85.48814881488148,30.996999699969997],[-85.4980498049805,30.996999699969997]]]},"properties":{"name":"Jackson"}},
{"type":"Feature","geometry":{"type":"MultiPolygon","coordinates":[[[[-82.75727572757276,28.8007800780078],[-82.74917491749174,28.797479747974798],[-82.74737473747375,28.783378337833785],[-82.73657365736574,28.773777377737773],[-82.72367236723673,28.79057905790579],[-82.74197419741974,28.803180318031803],[-82.75727572757276,28.8007800780078]]],[[[-82.53555355535553,29.045004500450045],[-82.55685568556855,29.033603360336034],[-82.57665766576658,29.02820282028203],[-82.5937593759376,29.03000300030003],[-82.6021602160216,29.013501350135012],[-82.61266126612661,29.00930093009301],[-82.65256525652565,29.023102310231025],[-82.67536753675367,29.026102610261027],[-82.6897689768977,29.033903390339034],[-82.71197119711971,29.03090309030903],[-82.72697269726973,29.018001800180016],[-82.75547554755475,29.001800180018],[-82.75937593759376,28.992499249924993],[-82.74347434743474,28.978097809780976],[-82.74377437743775,28.97029702970297],[-82.72577257725773,28.962196219621962],[-82.72397239723972,28.953495349534954],[-82.70867086708671,28.936093609360935],[-82.69606960696069,28.93069306930693],[-82.7014701470147,28.91929192919292],[-82.68886888688868,28.905490549054907],[-82.6897689768977,28.885388538853885],[-82.7005700570057,28.87848784878488],[-82.72787278727873,28.871287128712872],[-82.73387338733873,28.85208520852085],[-82.72757275727572,28.83918391839184],[-82.73867386738674,28.824782478247826],[-82.71317131713171,28.7995799579958],[-82.6918691869187,28.78877887788779],[-82.69726972697269,28.774077407740773],[-82.6978697869787,28.74767476747675],[-82.71497149714972,28.726972697269726],[-82.72097209720972,28.713771377137714],[-82.7047704770477,28.714371437143715],[-82.6909690969097,28.701770177017703],[-82.67446744674467,28.693969396939693],[-82.41824182418242,28.694869486948694],[-82.41764176417642,28.665766576657667],[-82.35973597359735,28.666066606660667],[-82.26312631263126,28.66756675667567],[-82.25982598259826,28.682868286828683],[-82.24872487248724,28.701470147014703],[-82.24932493249325,28.717371737173718],[-82.23132313231324,28.735973597359735],[-82.20612061206121,28.757275727572758],[-82.18931893189318,28.75907590759076],[-82.18421842184219,28.783378337833785],[-82.17071707170717,28.79027902790279],[-82.17941794179418,28.803180318031803],[-82.18271827182718,28.821782178217823],[-82.20492049204921,28.834683468346835],[-82.22232223222322,28.85268526852685],[-82.23192319231923,28.856585658565855],[-82.24242424242425,28.876687668766877],[-82.27362736273628,28.897089708970896],[-82.27722772277228,28.91059105910591],[-82.2976297629763,28.94899489948995],[-82.31173117311731,28.96039603960396],[-82.31353135313532,28.96939693969397],[-82.34143414341435,28.98769876987699],[-82.36093609360937,28.993399339933994],[-82.36633663366337,29.002700270027002],[-82.39363936393639,29.008100810081007],[-82.3975397539754,29.017101710171016],[-82.42964296429643,29.021302130213023],[-82.43894389438944,29.032703270327033],[-82.47284728472847,29.05130513051305],[-82.48814881488148,29.05130513051305],[-82.4983498349835,29.04170417041704],[-82.52055205520553,29.03990399039904],[-82.53555355535553,29.045004500450045]]]]},"properties":{"name":"Citrus"}},
{"type":"Feature","geometry":{"type":"Polygon","coordinates":[[[-82.37503750375038,26.945694569456947],[-82.34233423342334,26.894689468946893],[-82.32583258325833,26.877587758775878],[-82.28262826282628,26.816081608160815],[-82.28262826282628,26.804080408040804],[-82.27212721272127,26.78937893789379],[-82.22142214221422,26.781878187818783],[-82.2010201020102,26.77077707770777],[-82.17221722172218,26.76987698769877],[-82.14521452145215,26.78877887788779],[-82.15331533153315,26.853885388538853],[-82.17041704170417,26.899189918991897],[-82.18121812181218,26.92139213921392],[-82.18301830183019,26.935793579357934],[-82.17401740174017,26.941794179417943],[-82.15421542154215,26.924992499249925],[-82.14131413141314,26.923792379237923],[-82.11551155115511,26.951095109510952],[-82.11941194119412,26.963096309630963],[-82.06630663066306,26.954395439543955],[-82.05370537053706,26.939693969396938],[-82.06780678067807,26.927692769276927],[-82.08670867086708,26.927692769276927],[-82.0972097209721,26.914491449144915],[-82.08670867086708,26.888388838883888],[-82.06030603060306,26.88028802880288],[-82.05100510051005,26.864986498649866],[-82.05460546054606,26.832883288328834],[-82.04920492049204,26.814281428142813],[-82.05100510051005,26.791779177917793],[-82.06000600060005,26.77047704770477],[-81.76087608760876,26.76957695769577],[-81.56585658565857,26.76957695769577],[-81.56495649564957,26.857485748574856],[-81.56255625562557,27.033603360336034],[-81.56255625562557,27.033903390339034],[-81.77167716771677,27.033903390339034],[-81.98319831983198,27.035103510351036],[-81.99249924992499,27.031803180318033],[-82.05760576057605,27.032103210321033],[-82.25502550255025,27.033003300330034],[-82.25562556255626,26.945394539453947],[-82.37503750375038,26.945694569456947]]]},"properties":{"name":"Charlotte"}},
{"type":"Feature","geometry":{"type":"Polygon","coordinates":[[[-82.05430543054305,27.646264626462646],[-82.05550555055505,27.473147314731474],[-82.05580558055806,27.338133813381337],[-81.85898589858986,27.336633663366335],[-81.85868586858686,27.340234023402342],[-81.71077107710771,27.340234023402342],[-81.56405640564057,27.340534053405342],[-81.56345634563456,27.646564656465646],[-81.78907890789078,27.646264626462646],[-82.05430543054305,27.646264626462646]]]},"properties":{"name":"Hardee"}},
{"type":"Feature","geometry":{"type":"Polygon","coordinates":[[[-85.11551155115511,30.2001200120012],[-85.13351335133514,30.181818181818183],[-85.13981398139813,30.163516351635163],[-85.13261326132613,30.145514551455147],[-85.14911491149115,30.11041104110411],[-85.13711371137114,30.086708670867086],[-85.13531353135313,30.043204320432043],[-85.11371137113711,30.023102310231025],[-85.0990099009901,30.015301530153014],[-85.08520852085209,30.014701470147013],[-85.07200720072007,30.004800480048004],[-85.05400540054005,30.001200120012],[-85.05070507050705,29.990999099909992],[-85.02970297029702,29.98739873987399],[-85.02550255025503,29.97149714971497],[-85.00750075007501,30.013801380138013],[-84.78727872787279,30.01140114011401],[-84.54455445544555,30.01110111011101],[-84.56615661566157,30.017401740174016],[-84.59105910591059,30.02970297029703],[-84.60966096609661,30.059705970597058],[-84.63006300630063,30.064806480648066],[-84.64266426642665,30.087308730873087],[-84.65466546654666,30.099909990999098],[-84.64836483648365,30.10801080108011],[-84.66936693669366,30.125112511251125],[-84.67266726672668,30.15031503150315],[-84.66756675667567,30.16141614161416],[-84.66846684668467,30.182718271827184],[-84.67836783678368,30.18811881188119],[-84.67596759675968,30.2007200720072],[-84.68196819681968,30.217821782178216],[-84.69276927692769,30.222022202220224],[-84.7056705670567,30.25172517251725],[-84.72667266726673,30.256825682568255],[-84.73057305730573,30.26972697269727],[-84.72907290729073,30.287428742874287],[-84.71347134713471,30.300030003000302],[-84.7008700870087,30.31893189318932],[-84.71527152715271,30.33003300330033],[-84.7020702070207,30.342034203420344],[-84.68526852685268,30.34983498349835],[-84.67926792679268,30.368136813681367],[-84.67056705670566,30.364236423642364],[-84.66366636663666,30.378337833783377],[-84.64626462646265,30.38823882388239],[-84.68076807680768,30.38793879387939],[-84.68046804680468,30.417341734173416],[-84.71407140714071,30.417341734173416],[-84.71407140714071,30.460546054605462],[-84.78097809780978,30.459645964596458],[-84.78187818781878,30.51875187518752],[-84.81548154815482,30.51845184518452],[-84.81578157815781,30.533153315331532],[-84.88268826882688,30.533153315331532],[-84.88328832883289,30.605460546054605],[-84.93249324932493,30.606360636063606],[-84.94479447944795,30.595559555955596],[-84.94419441944194,30.581758175817583],[-84.96579657965796,30.579057905790577],[-84.96219621962196,30.563456345634563],[-84.97359735973598,30.552955295529554],[-84.99009900990099,30.524752475247524],[-84.99579957995799,30.486048604860486],[-85.003300330033,30.47884788478848],[-84.98739873987398,30.465046504650466],[-85.000900090009,30.447944794479447],[-84.98319831983198,30.44194419441944],[-85.01530153015301,30.434443444344435],[-85.03300330033004,30.420342034203422],[-85.02730273027302,30.3981398139814],[-85.01530153015301,30.385838583858387],[-85.03870387038704,30.365736573657365],[-85.04980498049805,30.336633663366335],[-85.04500450045005,30.31863186318632],[-85.05730573057306,30.301230123012303],[-85.05280528052805,30.287428742874287],[-85.06390639063906,30.27092709270927],[-85.06030603060306,30.261026102610263],[-85.07680768076807,30.25112511251125],[-85.0996099609961,30.213621362136212],[-85.11881188118812,30.207020702070206],[-85.11551155115511,30.2001200120012]]]},"properties":{"name":"Liberty"}},
{"type":"Feature","geometry":{"type":"Polygon","coordinates":[[[-85.38403840384038,30.566756675667566],[-85.38673867386738,30.435343534353436],[-85.38793879387939,30.421842184218423],[-85.38883888388838,30.265826582658267],[-85.3897389738974,30.2010201020102],[-85.21752175217522,30.2010201020102],[-85.11551155115511,30.2001200120012],[-85.11881188118812,30.207020702070206],[-85.0996099609961,30.213621362136212],[-85.07680768076807,30.25112511251125],[-85.06030603060306,30.261026102610263],[-85.06390639063906,30.27092709270927],[-85.05280528052805,30.287428742874287],[-85.05730573057306,30.301230123012303],[-85.04500450045005,30.31863186318632],[-85.04980498049805,30.336633663366335],[-85.03870387038704,30.365736573657365],[-85.01530153015301,30.385838583858387],[-85.02730273027302,30.3981398139814],[-85.03300330033004,30.420342034203422],[-85.01530153015301,30.434443444344435],[-84.98319831983198,30.44194419441944],[-85.000900090009,30.447944794479447],[-84.98739873987398,30.465046504650466],[-85.003300330033,30.47884788478848],[-84.99579957995799,30.486048604860486],[-84.99009900990099,30.524752475247524],[-84.97359735973598,30.552955295529554],[-84.96219621962196,30.563456345634563],[-84.96579657965796,30.579057905790577],[-84.94419441944194,30.581758175817583],[-84.94479447944795,30.595559555955596],[-84.93249324932493,30.606360636063606],[-84.98289828982898,30.605760576057605],[-85.16771677167716,30.608160816081607],[-85.17251725172517,30.585058505850586],[-85.17191719171917,30.564356435643564],[-85.38403840384038,30.566756675667566]]]},"properties":{"name":"Calhoun"}},
{"type":"Feature","geometry":{"type":"Polygon","coordinates":[[[-83.3093309330933,30.634263426342635],[-83.2931293129313,30.62886288628863],[-83.27572757275728,30.62886288628863],[-83.25652565256526,30.586258625862587],[-83.26282628262827,30.580858085808583],[-83.25592559255925,30.55925592559256],[-83.26072607260726,30.552955295529554],[-83.24722472247225,30.540954095409543],[-83.23882388238823,30.51815181518152],[-83.24452445244525,30.511251125112512],[-83.24092409240924,30.493249324932492],[-83.24362436243625,30.472847284728473],[-83.22592259225922,30.46804680468047],[-83.22202220222022,30.436843684368437],[-83.21722172217221,30.418841884188417],[-83.1947194719472,30.417041704170416],[-83.18001800180018,30.41014101410141],[-83.17101710171018,30.385238523852387],[-83.15451545154515,30.417341734173416],[-83.13441344134414,30.421542154215423],[-83.12211221122112,30.432643264326433],[-83.07860786078608,30.438043804380438],[-83.07590759075907,30.426042604260427],[-83.03420342034204,30.43084308430843],[-83.00780078007801,30.422442244224424],[-82.98499849984998,30.425442544254427],[-82.98259825982598,30.419141914191417],[-82.95589558955895,30.413441344134412],[-82.93159315931594,30.39033903390339],[-82.90939093909391,30.382238223822384],[-82.89198919891989,30.38763876387639],[-82.88838883888388,30.368736873687368],[-82.87218721872188,30.366336633663366],[-82.85718571857186,30.35823582358236],[-82.84368436843684,30.340834083408343],[-82.83228322832284,30.346834683468348],[-82.7944794479448,30.336933693369335],[-82.79207920792079,30.326432643264326],[-82.76087608760876,30.324332433243324],[-82.74677467746774,30.317431743174318],[-82.73657365736574,30.328232823282328],[-82.71767176717671,30.32133213321332],[-82.68136813681369,30.342934293429344],[-82.68706870687069,30.353435343534354],[-82.66246624662466,30.36993699369937],[-82.66546654665467,30.378937893789377],[-82.65766576657666,30.391539153915392],[-82.64716471647165,30.394839483948395],[-82.64536453645364,30.407140714071407],[-82.65916591659166,30.44074407440744],[-82.68016801680169,30.461146114611463],[-82.68196819681968,30.471047104710472],[-82.6951695169517,30.473747374737474],[-82.71497149714972,30.505550555055507],[-82.72007200720073,30.52145214521452],[-82.71467146714672,30.53195319531953],[-82.72667266726673,30.55955595559556],[-82.7068706870687,30.574257425742573],[-82.70657065706571,30.584458445844586],[-82.68946894689469,30.597659765976598],[-82.87728772877287,30.60906090609061],[-83.13651365136514,30.624062406240625],[-83.3093309330933,30.634263426342635]]]},"properties":{"name":"Hamilton"}},
{"type":"Feature","geometry":{"type":"Polygon","coordinates":[[[-84.71347134713471,30.300030003000302],[-84.72907290729073,30.287428742874287],[-84.73057305730573,30.26972697269727],[-84.72667266726673,30.256825682568255],[-84.7056705670567,30.25172517251725],[-84.69276927692769,30.222022202220224],[-84.68196819681968,30.217821782178216],[-84.67596759675968,30.2007200720072],[-84.67836783678368,30.18811881188119],[-84.66846684668467,30.182718271827184],[-84.66756675667567,30.16141614161416],[-84.67266726672668,30.15031503150315],[-84.66936693669366,30.125112511251125],[-84.64836483648365,30.10801080108011],[-84.65466546654666,30.099909990999098],[-84.64266426642665,30.087308730873087],[-84.63006300630063,30.064806480648066],[-84.60966096609661,30.059705970597058],[-84.59105910591059,30.02970297029703],[-84.56615661566157,30.017401740174016],[-84.54455445544555,30.01110111011101],[-84.54125412541254,30.002400240024002],[-84.52505250525053,30.005100510051005],[-84.51425142514252,29.98919891989199],[-84.4914491449145,29.98709870987099],[-84.46774677467747,30.001800180018],[-84.45874587458746,29.98859885988599],[-84.45844584458446,29.975097509750974],[-84.43624362436243,29.978997899789977],[-84.41884188418842,29.983198319831985],[-84.39483948394839,29.982298229822984],[-84.34833483348335,29.96909690969097],[-84.36183618361837,29.98769876987699],[-84.36603660366036,30.008700870087008],[-84.35253525352535,30.01290129012901],[-84.33423342334234,30.037203720372037],[-84.2979297929793,30.057305730573056],[-84.27722772277228,30.060306030603062],[-84.27092709270927,30.06810681068107],[-84.27242724272428,30.09240924092409],[-84.26222622262226,30.103810381038105],[-84.24752475247524,30.101110111011103],[-84.23702370237024,30.085508550855085],[-84.2034203420342,30.084608460846084],[-84.1935193519352,30.097809780978096],[-84.17371737173717,30.09090909090909],[-84.17911791179118,30.073207320732074],[-84.15721572157216,30.072607260726073],[-84.12481248124813,30.09060906090609],[-84.07590759075907,30.095409540954094],[-84.07560756075607,30.273627362736274],[-84.24122412241225,30.274227422742275],[-84.24752475247524,30.303630363036305],[-84.50945094509451,30.301830183018303],[-84.62796279627963,30.300330033003302],[-84.71347134713471,30.300030003000302]]]},"properties":{"name":"Wakulla"}},
{"type":"Feature","geometry":{"type":"MultiPolygon","coordinates":[[[[-82.43744374437443,27.86708670867087],[-82.42424242424242,27.86828682868287],[-82.42454245424543,27.883888388838884],[-82.43534353435344,27.884188418841884],[-82.43744374437443,27.86708670867087]]],[[[-82.65106510651066,28.173117311731172],[-82.64836483648365,28.056105610561055],[-82.64866486648666,28.018001800180016],[-82.63636363636364,28.006000600060005],[-82.6024602460246,27.982298229822984],[-82.57275727572757,27.975097509750974],[-82.55385538553855,27.966996699669966],[-82.54425442544255,27.956195619561957],[-82.54485448544854,27.943594359435945],[-82.53345334533454,27.938493849384937],[-82.53525352535253,27.921992199219922],[-82.53135313531354,27.903990399039905],[-82.53165316531653,27.871587158715872],[-82.55295529552956,27.862586258625864],[-82.54995499549955,27.85178517851785],[-82.53675367536754,27.84068406840684],[-82.51125112511251,27.82808280828083],[-82.48994899489949,27.822682268226824],[-82.47254725472547,27.822682268226824],[-82.46894689468947,27.843384338433843],[-82.48844884488449,27.863186318631865],[-82.48064806480649,27.88928892889289],[-82.48814881488148,27.895289528952894],[-82.49054905490549,27.91989198919892],[-82.46024602460245,27.936993699369935],[-82.46174617461746,27.90969096909691],[-82.43294329432943,27.898889888988897],[-82.41524152415242,27.900390039003902],[-82.4026402640264,27.882688268826882],[-82.4011401140114,27.860786078607862],[-82.39183918391839,27.823882388238825],[-82.41044104410442,27.81068106810681],[-82.41194119411941,27.793879387938794],[-82.41914191419141,27.792379237923793],[-82.43564356435644,27.775277527752774],[-82.44254425442544,27.757575757575758],[-82.47824782478247,27.746174617461747],[-82.47674767476748,27.723672367236723],[-82.4947494749475,27.71887188718872],[-82.51425142514252,27.705670567056707],[-82.55415541554156,27.645664566456645],[-82.4983498349835,27.645364536453645],[-82.38493849384939,27.646264626462646],[-82.05430543054305,27.646264626462646],[-82.05490549054906,27.766276627662766],[-82.05400540054005,27.854785478547853],[-82.05490549054906,27.90759075907591],[-82.05670567056706,28.10891089108911],[-82.05640564056405,28.17161716171617],[-82.1059105910591,28.17161716171617],[-82.42814281428143,28.17131713171317],[-82.51665166516652,28.17281728172817],[-82.65106510651066,28.173117311731172]]]]},"properties":{"name":"Hillsborough"}},
{"type":"Feature","geometry":{"type":"Polygon","coordinates":[[[-81.41464146414641,28.785478547854787],[-81.41524152415242,28.763576357635763],[-81.42364236423643,28.735373537353734],[-81.44104410441044,28.715571557155716],[-81.45964596459646,28.713171317131714],[-81.45964596459646,28.64026402640264],[-81.32853285328532,28.63966396639664],[-81.32793279327933,28.61056105610561],[-81.0981098109811,28.61266126612661],[-80.98739873987398,28.612961296129612],[-81.007200720072,28.636363636363637],[-81.001200120012,28.64116411641164],[-81.01110111011101,28.66816681668167],[-81.02130213021302,28.674167416741675],[-81.01650165016501,28.693069306930692],[-81.03330333033303,28.70807080708071],[-81.03720372037203,28.725472547254725],[-81.06120612061206,28.75007500750075],[-81.05310531053105,28.773477347734772],[-81.06750675067507,28.813081308130812],[-81.08520852085209,28.816081608160815],[-81.10561056105611,28.82868286828683],[-81.12631263126313,28.821482148214823],[-81.12301230123012,28.813981398139813],[-81.13771377137714,28.791179117911792],[-81.15631563156316,28.791779177917793],[-81.17761776177618,28.785778577857787],[-81.18001800180018,28.795379537953796],[-81.1950195019502,28.792379237923793],[-81.21362136213621,28.804080408040804],[-81.22472247224722,28.821482148214823],[-81.22562256225622,28.832583258325833],[-81.32043204320432,28.834683468346835],[-81.34143414341435,28.846984698469846],[-81.35793579357936,28.847884788478847],[-81.35223522352236,28.862286228622864],[-81.36693669366937,28.87908790879088],[-81.38283828382838,28.85208520852085],[-81.4071407140714,28.834683468346835],[-81.41944194419442,28.815181518151814],[-81.41464146414641,28.785478547854787]]]},"properties":{"name":"Seminole"}},
{"type":"Feature","geometry":{"type":"Polygon","coordinates":[[[-81.56345634563456,27.646564656465646],[-81.56405640564057,27.340534053405342],[-81.56225622562256,27.071407140714072],[-81.56255625562557,27.033903390339034],[-81.56255625562557,27.033603360336034],[-81.34263426342635,27.032403240324033],[-81.26732673267327,27.032403240324033],[-81.26762676267627,27.12121212121212],[-81.16831683168317,27.12181218121812],[-81.16921692169217,27.20972097209721],[-80.96189618961897,27.21062106210621],[-80.94059405940594,27.205820582058205],[-80.95109510951094,27.223822382238225],[-80.97059705970597,27.217521752175216],[-80.98169816981698,27.231623162316232],[-80.98049804980498,27.246324632463246],[-80.99249924992499,27.25022502250225],[-80.999699969997,27.27062706270627],[-80.997299729973,27.293429342934292],[-81.00420042004201,27.302130213021304],[-81.02550255025503,27.302430243024304],[-81.03780378037804,27.32973297329733],[-81.04620462046205,27.337533753375336],[-81.03360336033603,27.357035703570357],[-81.06840684068406,27.382238223822384],[-81.11401140114012,27.385238523852387],[-81.12511251125113,27.393639363936394],[-81.13201320132013,27.408640864086408],[-81.14221422142214,27.41254125412541],[-81.13921392139214,27.434143414341435],[-81.15451545154515,27.454245424542453],[-81.16891689168916,27.459645964596458],[-81.18211821182118,27.482748274827483],[-81.2055205520552,27.49024902490249],[-81.1983198319832,27.51035103510351],[-81.2076207620762,27.517851785178518],[-81.20942094209421,27.534953495349534],[-81.1890189018902,27.557155715571557],[-81.17551755175518,27.56045604560456],[-81.16831683168317,27.573057305730572],[-81.15751575157516,27.575157515751574],[-81.15541554155415,27.591059105910592],[-81.14041404140414,27.6009600960096],[-81.14461446144614,27.616861686168615],[-81.14221422142214,27.643264326432643],[-81.31203120312031,27.646264626462646],[-81.56345634563456,27.646564656465646]]]},"properties":{"name":"Highlands"}},
{"type":"Feature","geometry":{"type":"Polygon","coordinates":[[[-82.04920492049204,30.273327332733274],[-82.04950495049505,30.186918691869188],[-81.95559555955596,30.186318631863188],[-81.8025802580258,30.18901890189019],[-81.67956795679568,30.19051905190519],[-81.69036903690369,30.17191719171917],[-81.6918691869187,30.142214221422144],[-81.68016801680169,30.12121212121212],[-81.65046504650465,30.12151215121512],[-81.62376237623762,30.133513351335132],[-81.58085808580859,30.126012601260125],[-81.56795679567956,30.117911791179118],[-81.53915391539154,30.12001200120012],[-81.53885388538853,30.103810381038105],[-81.43384338433843,30.105910591059107],[-81.43684368436844,30.25232523252325],[-81.37983798379838,30.252925292529252],[-81.39183918391839,30.304530453045306],[-81.3963396339634,30.33123312331233],[-81.3975397539754,30.379537953795378],[-81.3933393339334,30.395439543954396],[-81.41044104410442,30.4005400540054],[-81.4038403840384,30.40924092409241],[-81.41254125412541,30.422742274227424],[-81.40804080408041,30.434743474347435],[-81.41314131413141,30.483048304830483],[-81.43234323432343,30.487248724872487],[-81.45604560456046,30.513351335133514],[-81.45544554455445,30.522052205220522],[-81.48004800480048,30.533453345334532],[-81.4995499549955,30.563756375637563],[-81.51395139513951,30.567356735673567],[-81.52385238523853,30.556255625562557],[-81.52145214521452,30.538853885388537],[-81.53015301530154,30.526252625262526],[-81.54305430543054,30.523852385238524],[-81.55535553555356,30.544554455445546],[-81.57725772577258,30.537953795379536],[-81.58865886588659,30.55055505550555],[-81.59225922592259,30.565256525652565],[-81.6102610261026,30.554455445544555],[-81.61296129612961,30.564056405640564],[-81.6033603360336,30.57245724572457],[-81.62466246624662,30.586258625862587],[-81.64176417641764,30.579957995799578],[-81.66786678667867,30.56075607560756],[-81.6987698769877,30.56945694569457],[-81.7095709570957,30.565856585658565],[-81.72247224722473,30.57095709570957],[-81.73507350735073,30.55895589558956],[-81.73837383738373,30.534653465346533],[-81.74677467746774,30.53075307530753],[-81.76387638763876,30.534953495349534],[-81.76537653765376,30.51875187518752],[-81.78157815781579,30.503450345034505],[-81.7947794779478,30.505550555055507],[-81.80948094809482,30.484548454845484],[-81.83108310831084,30.46744674467447],[-82.01140114011402,30.306030603060307],[-82.04920492049204,30.273327332733274]]]},"properties":{"name":"Duval"}},
{"type":"Feature","geometry":{"type":"Polygon","coordinates":[[[-82.05550555055505,29.71827182718272],[-82.05010501050106,29.713471347134714],[-82.05610561056106,29.656765676567655],[-82.05520552055205,29.594959495949595],[-82.05580558055806,29.471347134713472],[-82.03210321032103,29.49144914491449],[-82.004500450045,29.501650165016503],[-81.96429642964297,29.503750375037505],[-81.93189318931893,29.516351635163517],[-81.9099909990999,29.504950495049506],[-81.9066906690669,29.514251425142515],[-81.88598859885988,29.512751275127513],[-81.86108610861086,29.514851485148515],[-81.84308430843085,29.52115211521152],[-81.84278427842784,29.486648664866486],[-81.77617761776177,29.487548754875487],[-81.77497749774977,29.42934293429343],[-81.74197419741974,29.42994299429943],[-81.74137413741374,29.37113711371137],[-81.66846684668467,29.37173717371737],[-81.66126612661266,29.36003600360036],[-81.66066606660667,29.343234323432345],[-81.67536753675367,29.338733873387337],[-81.68076807680768,29.324332433243324],[-81.54905490549055,29.354335433543355],[-81.45094509450945,29.378337833783377],[-81.43384338433843,29.3984398439844],[-81.45154515451546,29.39003900390039],[-81.47614761476147,29.396039603960396],[-81.48604860486049,29.424242424242426],[-81.48724872487249,29.447044704470446],[-81.52055205520553,29.496549654965495],[-81.52355235523552,29.622562256225624],[-81.52535253525353,29.75937593759376],[-81.54125412541254,29.76987698769877],[-81.54425442544255,29.779177917791777],[-81.56645664566457,29.802880288028803],[-81.58115811581158,29.84008400840084],[-81.81248124812481,29.836483648364837],[-81.82178217821782,29.826282628262828],[-81.86198619861986,29.8001800180018],[-81.89078907890789,29.7980798079808],[-81.90939093909391,29.793579357935794],[-81.92349234923492,29.780978097809783],[-81.93099309930993,29.756075607560756],[-81.93939393939394,29.74737473747375],[-81.97569756975697,29.747074707470748],[-82.007200720072,29.739573957395738],[-82.02880288028803,29.71857185718572],[-82.04920492049204,29.71857185718572],[-82.05550555055505,29.71827182718272]]]},"properties":{"name":"Putnam"}},
{"type":"Feature","geometry":{"type":"Polygon","coordinates":[[[-81.68016801680169,30.12121212121212],[-81.68166816681668,30.07890789078908],[-81.68886888688868,30.064806480648066],[-81.68886888688868,30.02850285028503],[-81.67116711671167,30.007200720072007],[-81.62466246624662,29.981398139813983],[-81.6102610261026,29.97029702970297],[-81.5997599759976,29.952295229522953],[-81.5997599759976,29.936693669366935],[-81.60846084608461,29.915691569156916],[-81.59915991599159,29.875487548754876],[-81.58115811581158,29.84008400840084],[-81.56645664566457,29.802880288028803],[-81.54425442544255,29.779177917791777],[-81.54125412541254,29.76987698769877],[-81.52535253525353,29.75937593759376],[-81.52355235523552,29.622562256225624],[-81.32403240324032,29.625562556255627],[-81.32433243324333,29.653465346534652],[-81.30993099309931,29.642064206420642],[-81.2976297629763,29.65106510651065],[-81.28202820282029,29.65046504650465],[-81.26252625262526,29.666066606660667],[-81.24722472247225,29.659165916591657],[-81.21302130213022,29.67056705670567],[-81.22892289228923,29.714671467146715],[-81.24032403240324,29.739573957395738],[-81.25382538253825,29.776777677767775],[-81.26072607260726,29.806180618061806],[-81.26672667266726,29.860486048604862],[-81.27722772277228,29.903990399039905],[-81.28892889288929,29.915091509150916],[-81.2997299729973,29.939993999399938],[-81.3090309030903,29.96939693969397],[-81.32493249324932,30.032403240324033],[-81.35553555355536,30.162616261626162],[-81.37983798379838,30.252925292529252],[-81.43684368436844,30.25232523252325],[-81.43384338433843,30.105910591059107],[-81.53885388538853,30.103810381038105],[-81.53915391539154,30.12001200120012],[-81.56795679567956,30.117911791179118],[-81.58085808580859,30.126012601260125],[-81.62376237623762,30.133513351335132],[-81.65046504650465,30.12151215121512],[-81.68016801680169,30.12121212121212]]]},"properties":{"name":"St. Johns"}},
{"type":"Feature","geometry":{"type":"Polygon","coordinates":[[[-84.07560756075607,30.273627362736274],[-84.07590759075907,30.095409540954094],[-84.06300630063006,30.101410141014103],[-84.02430243024303,30.103210321032105],[-84.006900690069,30.097509750975096],[-83.99129912991299,30.086108610861086],[-83.99219921992199,30.095709570957094],[-83.98139813981398,30.11011101110111],[-83.96879687968797,30.135913591359135],[-83.97329732973297,30.145214521452147],[-83.96069606960697,30.151815181518153],[-83.95169516951695,30.185118511851186],[-83.94089408940894,30.192019201920193],[-83.92739273927393,30.19081908190819],[-83.91809180918092,30.214821482148214],[-83.91569156915692,30.245124512451245],[-83.8973897389739,30.25202520252025],[-83.88178817881789,30.26762676267627],[-83.86138613861387,30.27092709270927],[-83.83858385838583,30.28052805280528],[-83.82028202820283,30.303630363036305],[-83.81128112811281,30.31833183318332],[-83.79267926792679,30.31923192319232],[-83.7935793579358,30.335433543354334],[-83.80798079807981,30.364836483648364],[-83.8037803780378,30.377437743774376],[-83.78847884788479,30.382238223822384],[-83.75847584758476,30.384938493849386],[-83.75097509750975,30.407740774077407],[-83.74047404740475,30.421242124212423],[-83.72217221722173,30.435343534353436],[-83.72817281728173,30.455745574557454],[-83.72397239723972,30.461146114611463],[-83.72757275727572,30.48994899489949],[-83.73687368736874,30.50765076507651],[-83.72607260726073,30.522952295229523],[-83.7044704470447,30.522952295229523],[-83.70417041704171,30.537953795379536],[-83.67116711671167,30.537953795379536],[-83.67056705670566,30.552955295529554],[-83.63726372637264,30.552655265526553],[-83.63726372637264,30.567356735673567],[-83.62106210621062,30.567356735673567],[-83.62076207620763,30.582058205820584],[-83.6042604260426,30.582058205820584],[-83.6042604260426,30.63816381638164],[-83.61176117611761,30.65136513651365],[-83.74377437743775,30.658265826582657],[-84.00750075007501,30.672067206720673],[-84.00780078007801,30.60936093609361],[-84.001500150015,30.583858385838585],[-83.97719771977198,30.522052205220522],[-84.04110411041104,30.52175217521752],[-84.04140414041404,30.463246324632465],[-84.07470747074707,30.434443444344435],[-84.07590759075907,30.36993699369937],[-84.07560756075607,30.273627362736274]]]},"properties":{"name":"Jefferson"}},
{"type":"Feature","geometry":{"type":"Polygon","coordinates":[[[-82.41884188418842,29.923192319231923],[-82.40654065406541,29.914191419141915],[-82.40084008400841,29.88988898889889],[-82.38733873387339,29.88178817881788],[-82.33633363336334,29.87878787878788],[-82.30513051305131,29.853285328532852],[-82.28172817281728,29.844584458445844],[-82.26942694269427,29.843984398439844],[-82.24092409240924,29.85208520852085],[-82.23342334233423,29.845184518451845],[-82.1902190219022,29.848184818481847],[-82.17311731173118,29.837083708370837],[-82.16501650165017,29.83948394839484],[-82.13321332133214,29.835883588358836],[-82.12391239123913,29.823582358235825],[-82.12391239123913,29.805280528052805],[-82.0936093609361,29.779177917791777],[-82.07890789078908,29.774977497749774],[-82.08250825082509,29.76117611761176],[-82.06690669066907,29.756375637563757],[-82.05790579057906,29.74767476747675],[-82.05550555055505,29.71827182718272],[-82.04920492049204,29.71857185718572],[-82.04620462046205,29.747074707470748],[-82.04650465046505,29.819681968196818],[-82.04830483048305,29.938493849384937],[-82.04950495049505,30.143114311431145],[-82.14251425142514,30.143114311431145],[-82.13801380138014,30.126312631263126],[-82.14731473147314,30.11011101110111],[-82.16981698169818,30.099309930993098],[-82.17761776177618,30.075307530753076],[-82.18781878187819,30.063906390639065],[-82.2076207620762,30.05280528052805],[-82.22562256225622,30.034203420342035],[-82.25982598259826,30.02820282028203],[-82.27332733273327,29.999099909991],[-82.30753075307531,29.956195619561957],[-82.31893189318932,29.954395439543955],[-82.34263426342635,29.96099609960996],[-82.35163516351635,29.937593759375936],[-82.36993699369937,29.935493549354934],[-82.39033903390339,29.925592559255925],[-82.41884188418842,29.923192319231923]]]},"properties":{"name":"Bradford"}},
{"type":"Feature","geometry":{"type":"Polygon","coordinates":[[[-83.4095409540954,29.66846684668467],[-83.3993399339934,29.612961296129612],[-83.40684068406841,29.58865886588659],[-83.4071407140714,29.57065706570657],[-83.4002400240024,29.55025502550255],[-83.40324032403241,29.543354335433545],[-83.3957395739574,29.526252625262526],[-83.4002400240024,29.517251725172517],[-83.38403840384038,29.513051305130514],[-83.37923792379237,29.503450345034505],[-83.35673567356736,29.499849984998498],[-83.35013501350134,29.48934893489349],[-83.33123312331233,29.475547554755476],[-83.32103210321033,29.477347734773478],[-83.3078307830783,29.46894689468947],[-83.2964296429643,29.447644764476447],[-83.28022802280228,29.433543354335434],[-83.26402640264027,29.435943594359436],[-83.24062406240624,29.433243324332434],[-83.21812181218122,29.420342034203422],[-83.20252025202521,29.394539453945395],[-83.2040204020402,29.383438343834385],[-83.18001800180018,29.34863486348635],[-83.17101710171018,29.342634263426344],[-83.17251725172517,29.33003300330033],[-83.15661566156615,29.322232223222322],[-83.17371737173717,29.30993099309931],[-83.16471647164717,29.296729672967295],[-83.16681668166817,29.288628862886288],[-83.14611461146114,29.311431143114312],[-83.13951395139514,29.324032403240324],[-83.11941194119412,29.317131713171317],[-83.06840684068406,29.343834383438345],[-83.06330633063307,29.36183618361836],[-83.06450645064507,29.373837383738373],[-83.03600360036003,29.38823882388239],[-83.01620162016202,29.422742274227424],[-83.02130213021302,29.431143114311432],[-83.01290129012901,29.445844584458445],[-82.98439843984399,29.471047104710472],[-82.98199819981998,29.517251725172517],[-82.96939693969397,29.522352235223522],[-82.97689768976898,29.540654065406542],[-82.95019501950195,29.556255625562557],[-82.94299429942994,29.585358535853587],[-82.93729372937294,29.591059105910592],[-82.95799579957996,29.58895889588959],[-82.97209720972097,29.60906090609061],[-82.97209720972097,29.626462646264628],[-82.95709570957095,29.63876387638764],[-82.95919591959196,29.66996699669967],[-82.95769576957696,29.698169816981697],[-82.94269426942694,29.72037203720372],[-82.94959495949595,29.726372637263726],[-82.93849384938494,29.744374437443746],[-82.94959495949595,29.757875787578758],[-82.93729372937294,29.783678367836785],[-82.92049204920492,29.794779477947795],[-82.93549354935493,29.80948094809481],[-82.92049204920492,29.824182418241826],[-82.95919591959196,29.825382538253827],[-83.15271527152716,29.823882388238825],[-83.31893189318932,29.822682268226824],[-83.31953195319532,29.778277827782777],[-83.33663366336634,29.76057605760576],[-83.34563456345634,29.743474347434745],[-83.34503450345035,29.726672667266726],[-83.35133513351334,29.706570657065708],[-83.35073507350735,29.695169516951694],[-83.37323732373237,29.666066606660667],[-83.39843984398439,29.673867386738674],[-83.4095409540954,29.66846684668467]]]},"properties":{"name":"Dixie"}},
{"type":"Feature","geometry":{"type":"Polygon","coordinates":[[[-82.65856585658565,29.83018301830183],[-82.65706570657066,29.740474047404742],[-82.65616561656165,29.564956495649565],[-82.65646564656466,29.535553555355534],[-82.5988598859886,29.537653765376536],[-82.55745574557456,29.537653765376536],[-82.55685568556855,29.48004800480048],[-82.4962496249625,29.47824782478248],[-82.4962496249625,29.485448544854485],[-82.40654065406541,29.485148514851485],[-82.21512151215121,29.484248424842484],[-82.21092109210922,29.47074707470747],[-82.18931893189318,29.461146114611463],[-82.1923192319232,29.45244524452445],[-82.21182118211821,29.464146414641466],[-82.21362136213621,29.433243324332434],[-82.1935193519352,29.420942094209423],[-82.15091509150915,29.426642664266428],[-82.13561356135614,29.434743474347435],[-82.12511251125113,29.42874287428743],[-82.1011101110111,29.43834383438344],[-82.0960096009601,29.43024302430243],[-82.08100810081008,29.44044404440444],[-82.07050705070507,29.434443444344435],[-82.05550555055505,29.44194419441944],[-82.05580558055806,29.471347134713472],[-82.05520552055205,29.594959495949595],[-82.05610561056106,29.656765676567655],[-82.05010501050106,29.713471347134714],[-82.05550555055505,29.71827182718272],[-82.05790579057906,29.74767476747675],[-82.06690669066907,29.756375637563757],[-82.08250825082509,29.76117611761176],[-82.07890789078908,29.774977497749774],[-82.0936093609361,29.779177917791777],[-82.12391239123913,29.805280528052805],[-82.12391239123913,29.823582358235825],[-82.13321332133214,29.835883588358836],[-82.16501650165017,29.83948394839484],[-82.17311731173118,29.837083708370837],[-82.1902190219022,29.848184818481847],[-82.23342334233423,29.845184518451845],[-82.24092409240924,29.85208520852085],[-82.26942694269427,29.843984398439844],[-82.28172817281728,29.844584458445844],[-82.30513051305131,29.853285328532852],[-82.33633363336334,29.87878787878788],[-82.38733873387339,29.88178817881788],[-82.40084008400841,29.88988898889889],[-82.40654065406541,29.914191419141915],[-82.41884188418842,29.923192319231923],[-82.43324332433244,29.92919291929193],[-82.46114611461147,29.93159315931593],[-82.47224722472247,29.926492649264926],[-82.48454845484548,29.939693969396938],[-82.5109510951095,29.945094509450946],[-82.52985298529853,29.940894089408943],[-82.54155415541554,29.925592559255925],[-82.55475547554755,29.928592859285928],[-82.57605760576058,29.912991299129914],[-82.57575757575758,29.894989498949894],[-82.5925592559256,29.887488748874887],[-82.5928592859286,29.861986198619864],[-82.6114611461146,29.85238523852385],[-82.62916291629163,29.84938493849385],[-82.63486348634864,29.833483348334834],[-82.65196519651965,29.825682568256827],[-82.65856585658565,29.83018301830183]]]},"properties":{"name":"Alachua"}},
{"type":"Feature","geometry":{"type":"Polygon","coordinates":[[[-82.40654065406541,29.485148514851485],[-82.40564056405641,29.42904290429043],[-82.40534053405341,29.315331533153316],[-82.40324032403241,29.215721572157214],[-82.53495349534954,29.214821482148214],[-82.53585358535854,29.13111311131113],[-82.53555355535553,29.045004500450045],[-82.52055205520553,29.03990399039904],[-82.4983498349835,29.04170417041704],[-82.48814881488148,29.05130513051305],[-82.47284728472847,29.05130513051305],[-82.43894389438944,29.032703270327033],[-82.42964296429643,29.021302130213023],[-82.3975397539754,29.017101710171016],[-82.39363936393639,29.008100810081007],[-82.36633663366337,29.002700270027002],[-82.36093609360937,28.993399339933994],[-82.34143414341435,28.98769876987699],[-82.31353135313532,28.96939693969397],[-82.31173117311731,28.96039603960396],[-82.17311731173118,28.96009600960096],[-81.95409540954095,28.96009600960096],[-81.85448544854485,28.95979597959796],[-81.84218421842185,28.96099609960996],[-81.71917191719172,28.96099609960996],[-81.65856585658565,28.96039603960396],[-81.65916591659166,29.047704770477047],[-81.63876387638764,29.047704770477047],[-81.64056405640564,29.13171317131713],[-81.64206420642064,29.276627662766277],[-81.65556555655566,29.300030003000302],[-81.66786678667867,29.301530153015303],[-81.68076807680768,29.324332433243324],[-81.67536753675367,29.338733873387337],[-81.66066606660667,29.343234323432345],[-81.66126612661266,29.36003600360036],[-81.66846684668467,29.37173717371737],[-81.74137413741374,29.37113711371137],[-81.74197419741974,29.42994299429943],[-81.77497749774977,29.42934293429343],[-81.77617761776177,29.487548754875487],[-81.84278427842784,29.486648664866486],[-81.84308430843085,29.52115211521152],[-81.86108610861086,29.514851485148515],[-81.88598859885988,29.512751275127513],[-81.9066906690669,29.514251425142515],[-81.9099909990999,29.504950495049506],[-81.93189318931893,29.516351635163517],[-81.96429642964297,29.503750375037505],[-82.004500450045,29.501650165016503],[-82.03210321032103,29.49144914491449],[-82.05580558055806,29.471347134713472],[-82.05550555055505,29.44194419441944],[-82.07050705070507,29.434443444344435],[-82.08100810081008,29.44044404440444],[-82.0960096009601,29.43024302430243],[-82.1011101110111,29.43834383438344],[-82.12511251125113,29.42874287428743],[-82.13561356135614,29.434743474347435],[-82.15091509150915,29.426642664266428],[-82.1935193519352,29.420942094209423],[-82.21362136213621,29.433243324332434],[-82.21182118211821,29.464146414641466],[-82.1923192319232,29.45244524452445],[-82.18931893189318,29.461146114611463],[-82.21092109210922,29.47074707470747],[-82.21512151215121,29.484248424842484],[-82.40654065406541,29.485148514851485]]]},"properties":{"name":"Marion"}},
{"type":"Feature","geometry":{"type":"Polygon","coordinates":[[[-82.79297929792979,28.17281728172817],[-82.79387938793879,28.16081608160816],[-82.77827782778277,28.12151215121512],[-82.78367836783679,28.105310531053107],[-82.78037803780379,28.097209720972096],[-82.78667866786678,28.065106510651066],[-82.78337833783378,28.05250525052505],[-82.8004800480048,28.05250525052505],[-82.81248124812481,28.061806180618063],[-82.82568256825682,28.063606360636065],[-82.82718271827183,28.083108310831083],[-82.83858385838583,28.07950795079508],[-82.83408340834083,28.063906390639065],[-82.82238223822382,28.054005400540053],[-82.78607860786079,28.048004800480047],[-82.79087908790879,28.033903390339034],[-82.79297929792979,28.006600660066006],[-82.8049804980498,27.966096609660966],[-82.81758175817582,27.996699669966997],[-82.80918091809181,28.006600660066006],[-82.82808280828083,28.020102010201022],[-82.83138313831383,27.964596459645964],[-82.84278427842784,27.933993399339933],[-82.85208520852085,27.885988598859885],[-82.84638463846385,27.854185418541853],[-82.82868286828683,27.822382238223824],[-82.79057905790579,27.791179117911792],[-82.77047704770477,27.766276627662766],[-82.76087608760876,27.745274527452747],[-82.74677467746774,27.73027302730273],[-82.73807380738074,27.706870687068708],[-82.73837383738373,27.683768376837683],[-82.74527452745275,27.653765376537653],[-82.73597359735973,27.624962496249626],[-82.73687368736874,27.61266126612661],[-82.7050705070507,27.625262526252627],[-82.71797179717971,27.657965796579656],[-82.72367236723673,27.662466246624664],[-82.71887188718871,27.69186918691869],[-82.71137113711372,27.705370537053707],[-82.6987698769877,27.70807080708071],[-82.68916891689169,27.699369936993698],[-82.67176717671767,27.705970597059707],[-82.65256525652565,27.700270027002702],[-82.63996399639964,27.703870387038705],[-82.62586258625862,27.726972697269726],[-82.63066306630662,27.753975397539755],[-82.62406240624063,27.76027602760276],[-82.62256225622562,27.78907890789079],[-82.6069606960696,27.792979297929794],[-82.5970597059706,27.813681368136812],[-82.58775877587759,27.819081908190817],[-82.5985598559856,27.857485748574856],[-82.61656165616562,27.88088808880888],[-82.63816381638163,27.89288928892889],[-82.63846384638464,27.904590459045906],[-82.68436843684368,27.915691569156916],[-82.70297029702971,27.923792379237923],[-82.72067206720672,27.936093609360935],[-82.72187218721872,27.954695469546955],[-82.69606960696069,27.963396339633963],[-82.6897689768977,27.974797479747973],[-82.69276927692769,27.983798379837985],[-82.67566756675667,28.005400540054005],[-82.69006900690069,28.02760276027603],[-82.67686768676867,28.033003300330034],[-82.64866486648666,28.018001800180016],[-82.64836483648365,28.056105610561055],[-82.65106510651066,28.173117311731172],[-82.79297929792979,28.17281728172817]]]},"properties":{"name":"Pinellas"}},
{"type":"Feature","geometry":{"type":"Polygon","coordinates":[[[-82.92049204920492,29.824182418241826],[-82.93549354935493,29.80948094809481],[-82.92049204920492,29.794779477947795],[-82.93729372937294,29.783678367836785],[-82.94959495949595,29.757875787578758],[-82.93849384938494,29.744374437443746],[-82.94959495949595,29.726372637263726],[-82.94269426942694,29.72037203720372],[-82.95769576957696,29.698169816981697],[-82.95919591959196,29.66996699669967],[-82.95709570957095,29.63876387638764],[-82.97209720972097,29.626462646264628],[-82.97209720972097,29.60906090609061],[-82.95799579957996,29.58895889588959],[-82.93729372937294,29.591059105910592],[-82.85658565856586,29.591359135913592],[-82.85658565856586,29.584158415841586],[-82.77287728772878,29.584758475847586],[-82.75697569756976,29.577557755775576],[-82.75637563756375,29.562556255625562],[-82.65616561656165,29.564956495649565],[-82.65706570657066,29.740474047404742],[-82.65856585658565,29.83018301830183],[-82.69366936693669,29.834083408340835],[-82.71617161716172,29.85058505850585],[-82.73627362736273,29.860186018601862],[-82.75277527752775,29.88028802880288],[-82.75367536753676,29.893489348934892],[-82.76837683768377,29.897089708970896],[-82.77437743774378,29.911791179117913],[-82.77107710771077,29.922292229222922],[-82.79057905790579,29.934893489348934],[-82.8004800480048,29.93219321932193],[-82.8085808580858,29.933093309330932],[-82.83138313831383,29.912691269126913],[-82.86318631863186,29.911191119111912],[-82.87968796879687,29.886888688868886],[-82.87548754875488,29.866486648664868],[-82.88568856885689,29.854485448544853],[-82.8925892589259,29.82838283828383],[-82.9039903990399,29.824182418241826],[-82.91869186918692,29.824182418241826],[-82.92049204920492,29.824182418241826]]]},"properties":{"name":"Gilchrist"}},
{"type":"Feature","geometry":{"type":"Polygon","coordinates":[[[-87.5988598859886,30.997599759975998],[-87.5892589258926,30.964596459645964],[-87.59195919591959,30.951395139513952],[-87.6078607860786,30.924392439243924],[-87.62196219621963,30.885388538853885],[-87.63486348634864,30.865886588658867],[-87.62736273627362,30.847884788478847],[-87.60036003600361,30.820582058205822],[-87.58175817581758,30.81248124812481],[-87.57215721572157,30.8004800480048],[-87.55205520552055,30.786378637863788],[-87.53705370537054,30.762676267626762],[-87.53255325532554,30.743474347434745],[-87.51185118511852,30.733573357335732],[-87.50225022502251,30.72157215721572],[-87.48124812481248,30.716471647164717],[-87.47434743474348,30.706570657065708],[-87.45154515451546,30.699669966996698],[-87.43594359435943,30.688568856885688],[-87.40684068406841,30.675067506750676],[-87.39723972397239,30.654365436543653],[-87.39363936393639,30.63096309630963],[-87.3993399339934,30.605760576057605],[-87.40654065406541,30.6000600060006],[-87.40864086408641,30.583558355835585],[-87.41854185418542,30.561956195619562],[-87.43534353435344,30.54905490549055],[-87.44644464446445,30.527152715271527],[-87.44464446444644,30.50735073507351],[-87.43114311431142,30.495649564956494],[-87.43564356435644,30.48034803480348],[-87.41464146414641,30.457245724572456],[-87.3969396939694,30.45064506450645],[-87.37083708370837,30.446744674467446],[-87.37113711371137,30.43054305430543],[-87.4035403540354,30.41014101410141],[-87.42964296429643,30.406540654065406],[-87.44074407440745,30.391539153915392],[-87.43864386438644,30.380738073807382],[-87.45124512451245,30.367236723672367],[-87.45094509450945,30.346234623462347],[-87.46474647464747,30.333333333333332],[-87.49174917491749,30.33093309330933],[-87.50465046504651,30.324032403240324],[-87.5028502850285,30.30723072307231],[-87.48364836483648,30.304830483048306],[-87.45964596459646,30.30843084308431],[-87.45244524452445,30.300330033003302],[-87.51845184518452,30.283828382838283],[-87.51845184518452,30.28052805280528],[-87.45364536453646,30.29282928292829],[-87.42754275427542,30.296429642964295],[-87.31443144314431,30.32133213321332],[-87.3003300330033,30.328232823282328],[-87.27092709270927,30.316831683168317],[-87.20612061206121,30.32133213321332],[-87.15541554155415,30.327632763276327],[-87.04860486048605,30.34833483348335],[-86.91899189918992,30.37083708370837],[-86.91899189918992,30.386438643864388],[-86.97269726972698,30.381038103810383],[-87.1014101410141,30.353135313531354],[-87.15301530153015,30.34833483348335],[-87.17911791179118,30.336033603360335],[-87.20732073207321,30.341734173417343],[-87.23132313231324,30.343234323432345],[-87.23342334233423,30.37023702370237],[-87.21632163216321,30.377437743774376],[-87.16111611161116,30.405640564056405],[-87.15181518151815,30.41254125412541],[-87.14161416141614,30.436543654365437],[-87.13321332133214,30.46864686468647],[-87.12151215121513,30.497449744974496],[-87.13681368136814,30.511551155115512],[-87.15931593159316,30.539153915391537],[-87.19531953195319,30.54905490549055],[-87.20972097209722,30.555355535553556],[-87.23672367236723,30.596459645964597],[-87.25622562256225,30.61116111611161],[-87.26702670267026,30.664866486648666],[-87.26582658265826,30.68916891689169],[-87.27302730273027,30.698769876987697],[-87.27212721272127,30.716171617161717],[-87.30843084308431,30.726972697269726],[-87.31233123312332,30.734773477347733],[-87.3042304230423,30.765676567656765],[-87.31053105310531,30.77197719771977],[-87.3054305430543,30.7986798679868],[-87.2931293129313,30.81248124812481],[-87.3033303330333,30.83858385838584],[-87.31383138313831,30.848784878487848],[-87.2985298529853,30.88118811881188],[-87.28442844284429,30.888088808880887],[-87.28232823282329,30.924692469246924],[-87.26762676267627,30.934593459345933],[-87.25562556255626,30.93159315931593],[-87.22772277227723,30.96099609960996],[-87.20492049204921,30.96999699969997],[-87.17491749174917,30.98859885988599],[-87.16351635163517,30.999099909991],[-87.23762376237623,30.996399639963997],[-87.25502550255025,30.998199819982],[-87.5988598859886,30.997599759975998]]]},"properties":{"name":"Escambia"}},
{"type":"Feature","geometry":{"type":"Polygon","coordinates":[[[-82.67446744674467,28.693969396939693],[-82.65526552655265,28.674767476747675],[-82.67776777677767,28.654965496549654],[-82.67116711671167,28.62856285628563],[-82.65406540654065,28.613561356135612],[-82.65526552655265,28.592259225922593],[-82.64416441644164,28.584158415841586],[-82.65616561656165,28.575457545754574],[-82.65106510651066,28.556855685568557],[-82.66306630663067,28.55085508550855],[-82.65286528652865,28.537653765376536],[-82.66816681668166,28.528052805280527],[-82.66906690669067,28.493849384938493],[-82.66456645664566,28.488748874887488],[-82.66996699669967,28.46834683468347],[-82.66996699669967,28.433543354335434],[-82.45304530453045,28.433843384338434],[-82.25352535253525,28.434743474347435],[-82.25322532253226,28.47854785478548],[-82.05460546054606,28.47824782478248],[-82.05460546054606,28.52145214521452],[-82.06780678067807,28.53135313531353],[-82.09180918091809,28.523252325232523],[-82.1095109510951,28.543954395439545],[-82.13081308130813,28.546354635463548],[-82.13801380138014,28.565556555655565],[-82.15601560156016,28.573357335733572],[-82.16501650165017,28.564056405640564],[-82.19651965196519,28.575757575757574],[-82.20822082208221,28.57215721572157],[-82.21932193219322,28.582658265826584],[-82.22172217221723,28.593459345934594],[-82.26072607260726,28.636663666366637],[-82.27392739273927,28.660666066606662],[-82.26312631263126,28.66756675667567],[-82.35973597359735,28.666066606660667],[-82.41764176417642,28.665766576657667],[-82.41824182418242,28.694869486948694],[-82.67446744674467,28.693969396939693]]]},"properties":{"name":"Hernando"}},
{"type":"Feature","geometry":{"type":"Polygon","coordinates":[[[-86.3885388538854,30.994299429942995],[-86.3921392139214,30.693969396939693],[-86.39153915391539,30.655265526552654],[-86.3933393339334,30.497149714971496],[-86.39723972397239,30.378637863786377],[-86.31413141314131,30.366336633663366],[-86.26372637263727,30.355235523552356],[-86.18871887188719,30.334233423342333],[-86.0900090009001,30.303630363036305],[-85.99579957995799,30.26912691269127],[-85.992799279928,30.38943894389439],[-85.99369936993699,30.405040504050405],[-85.98199819981998,30.42964296429643],[-85.95289528952895,30.444044404440444],[-85.93579357935793,30.445244524452445],[-85.91629162916291,30.43864386438644],[-85.9012901290129,30.443744374437443],[-85.8913891389139,30.462646264626464],[-85.87788778877888,30.466846684668468],[-85.86678667866786,30.487548754875487],[-85.85988598859886,30.49024902490249],[-85.87908790879088,30.512151215121513],[-85.88718871887188,30.528052805280527],[-85.87728772877287,30.53195319531953],[-85.87968796879687,30.556255625562557],[-85.88778877887789,30.55925592559256],[-85.89018901890189,30.578757875787577],[-85.9030903090309,30.584758475847586],[-85.91269126912691,30.596159615961597],[-85.90819081908191,30.614161416141613],[-85.91509150915091,30.636963696369637],[-85.9057905790579,30.644764476447644],[-85.86918691869187,30.664266426642666],[-85.87548754875488,30.67986798679868],[-85.85808580858085,30.697569756975696],[-85.84428442844285,30.703270327032705],[-86.03750375037504,30.704470447044706],[-86.03750375037504,30.805880588058805],[-86.03510351035104,30.993399339933994],[-86.11701170117011,30.992799279927993],[-86.18721872187218,30.993999399939995],[-86.3885388538854,30.994299429942995]]]},"properties":{"name":"Walton"}},
{"type":"Feature","geometry":{"type":"MultiPolygon","coordinates":[[[[-84.67476747674768,29.786378637863788],[-84.65916591659166,29.779177917791777],[-84.62376237623762,29.78847884788479],[-84.58295829582958,29.805880588058805],[-84.57395739573957,29.813981398139813],[-84.58025802580258,29.826882688268828],[-84.6030603060306,29.81158115811581],[-84.62466246624662,29.78997899789979],[-84.64416441644164,29.78967896789679],[-84.66186618661867,29.781578157815783],[-84.67476747674768,29.786378637863788]]],[[[-85.0972097209721,29.626162616261627],[-85.0954095409541,29.621062106210623],[-85.06930693069307,29.605160516051605],[-85.04500450045005,29.586858685868588],[-84.95649564956496,29.613861386138613],[-84.88448844884489,29.65226522652265],[-84.85388538853886,29.664866486648666],[-84.7989798979898,29.68166816681668],[-84.76507650765076,29.699669966996698],[-84.77707770777077,29.70747074707471],[-84.78217821782178,29.69246924692469],[-84.7947794779478,29.702670267026704],[-84.8028802880288,29.683768376837683],[-84.85298529852986,29.671767176717672],[-84.86138613861387,29.672667266726673],[-84.88598859885988,29.656465646564655],[-84.90369036903691,29.648664866486648],[-84.92589258925892,29.645064506450645],[-84.94839483948395,29.622562256225624],[-84.98139813981398,29.608760876087608],[-85.01470147014702,29.603360336033603],[-85.02700270027003,29.596759675967597],[-85.06900690069007,29.60936093609361],[-85.09180918091809,29.626462646264628],[-85.0972097209721,29.626162616261627]]],[[[-85.02550255025503,29.97149714971497],[-85.01980198019803,29.953495349534954],[-85.04170417041705,29.93009300930093],[-85.05430543054305,29.901890189018903],[-85.04110411041104,29.875787578757876],[-85.03270327032703,29.83018301830183],[-85.01980198019803,29.819981998199818],[-85.02040204020402,29.807380738073807],[-85.03600360036003,29.792379237923793],[-85.04020402040204,29.779477947794778],[-85.06870687068707,29.784578457845786],[-85.07920792079207,29.768676867686768],[-85.1095109510951,29.776777677767775],[-85.20612061206121,29.711071107110712],[-85.21752175217522,29.694869486948694],[-85.17731773177317,29.700270027002702],[-85.17221722172218,29.703570357035705],[-85.12151215121513,29.715871587158716],[-85.07200720072007,29.71917191719172],[-85.01380138013802,29.70957095709571],[-84.97689768976898,29.72127212721272],[-84.96429642964297,29.739873987398738],[-84.94659465946594,29.744974497449746],[-84.92769276927693,29.76117611761176],[-84.91509150915091,29.783378337833785],[-84.88508850885088,29.784578457845786],[-84.88208820882089,29.796579657965797],[-84.87068706870687,29.797179717971797],[-84.87098709870988,29.781278127812783],[-84.88628862886289,29.765376537653765],[-84.9021902190219,29.735373537353734],[-84.8880888088809,29.722472247224722],[-84.88178817881789,29.733873387338733],[-84.83708370837084,29.756075607560756],[-84.82418241824182,29.75817581758176],[-84.76177617761776,29.78877887788779],[-84.75547554755475,29.78847884788479],[-84.73417341734174,29.805280528052805],[-84.7017701770177,29.824482448244826],[-84.65256525652565,29.843384338433843],[-84.6033603360336,29.876087608760876],[-84.56795679567956,29.89138913891389],[-84.53585358535854,29.90999099909991],[-84.51035103510351,29.916291629162917],[-84.49204920492049,29.90999099909991],[-84.47044704470447,29.924392439243924],[-84.45184518451845,29.92919291929193],[-84.44074407440745,29.912991299129914],[-84.42334233423342,29.903390339033905],[-84.4050405040504,29.901290129012903],[-84.38073807380738,29.893789378937893],[-84.34443444344434,29.898889888988897],[-84.33363336333633,29.923792379237923],[-84.33663366336634,29.942394239423944],[-84.36093609360937,29.954095409540955],[-84.37203720372037,29.952595259525953],[-84.38103810381038,29.96069606960696],[-84.40444044404441,29.95979597959796],[-84.41794179417941,29.965496549654965],[-84.43894389438944,29.96009600960096],[-84.43624362436243,29.978997899789977],[-84.45844584458446,29.975097509750974],[-84.45874587458746,29.98859885988599],[-84.46774677467747,30.001800180018],[-84.4914491449145,29.98709870987099],[-84.51425142514252,29.98919891989199],[-84.52505250525053,30.005100510051005],[-84.54125412541254,30.002400240024002],[-84.54455445544555,30.01110111011101],[-84.78727872787279,30.01140114011401],[-85.00750075007501,30.013801380138013],[-85.02550255025503,29.97149714971497]]],[[[-85.22262226222622,29.67926792679268],[-85.18721872187218,29.665766576657667],[-85.15661566156615,29.647764776477647],[-85.14101410141014,29.633963396339634],[-85.12031203120313,29.63006300630063],[-85.0969096909691,29.633063306330634],[-85.08040804080409,29.674767476747675],[-85.09390939093909,29.684968496849685],[-85.11431143114311,29.688568856885688],[-85.13471347134714,29.686468646864686],[-85.15631563156316,29.67956795679568],[-85.16861686168617,29.682268226822682],[-85.2019201920192,29.682568256825682],[-85.22262226222622,29.67926792679268]]]]},"properties":{"name":"Franklin"}},
{"type":"Feature","geometry":{"type":"Polygon","coordinates":[[[-82.7944794479448,30.336933693369335],[-82.7947794779478,30.146714671467148],[-82.79387938793879,29.986198619861987],[-82.76027602760276,29.986198619861987],[-82.76207620762077,29.964296429642964],[-82.78817881788179,29.951095109510952],[-82.8004800480048,29.93219321932193],[-82.79057905790579,29.934893489348934],[-82.77107710771077,29.922292229222922],[-82.77437743774378,29.911791179117913],[-82.76837683768377,29.897089708970896],[-82.75367536753676,29.893489348934892],[-82.75277527752775,29.88028802880288],[-82.73627362736273,29.860186018601862],[-82.71617161716172,29.85058505850585],[-82.69366936693669,29.834083408340835],[-82.65856585658565,29.83018301830183],[-82.65196519651965,29.825682568256827],[-82.63486348634864,29.833483348334834],[-82.62916291629163,29.84938493849385],[-82.6114611461146,29.85238523852385],[-82.5928592859286,29.861986198619864],[-82.5925592559256,29.887488748874887],[-82.57575757575758,29.894989498949894],[-82.57605760576058,29.912991299129914],[-82.55475547554755,29.928592859285928],[-82.54155415541554,29.925592559255925],[-82.52985298529853,29.940894089408943],[-82.53315331533153,29.95829582958296],[-82.56915691569156,29.975097509750974],[-82.57605760576058,29.990999099909992],[-82.56765676567657,30.013501350135012],[-82.53645364536453,30.025202520252027],[-82.53945394539454,30.034803480348035],[-82.53555355535553,30.055205520552054],[-82.51905190519052,30.075907590759076],[-82.4989498949895,30.088808880888088],[-82.46804680468047,30.096909690969095],[-82.45604560456046,30.105610561056107],[-82.45244524452445,30.123912391239124],[-82.45844584458446,30.136513651365135],[-82.45754575457546,30.256825682568255],[-82.45844584458446,30.442844284428443],[-82.45694569456946,30.442844284428443],[-82.45964596459646,30.584158415841586],[-82.58385838583858,30.591659165916592],[-82.68946894689469,30.597659765976598],[-82.70657065706571,30.584458445844586],[-82.7068706870687,30.574257425742573],[-82.72667266726673,30.55955595559556],[-82.71467146714672,30.53195319531953],[-82.72007200720073,30.52145214521452],[-82.71497149714972,30.505550555055507],[-82.6951695169517,30.473747374737474],[-82.68196819681968,30.471047104710472],[-82.68016801680169,30.461146114611463],[-82.65916591659166,30.44074407440744],[-82.64536453645364,30.407140714071407],[-82.64716471647165,30.394839483948395],[-82.65766576657666,30.391539153915392],[-82.66546654665467,30.378937893789377],[-82.66246624662466,30.36993699369937],[-82.68706870687069,30.353435343534354],[-82.68136813681369,30.342934293429344],[-82.71767176717671,30.32133213321332],[-82.73657365736574,30.328232823282328],[-82.74677467746774,30.317431743174318],[-82.76087608760876,30.324332433243324],[-82.79207920792079,30.326432643264326],[-82.7944794479448,30.336933693369335]]]},"properties":{"name":"Columbia"}},
{"type":"Feature","geometry":{"type":"Polygon","coordinates":[[[-84.86468646864687,30.711671167116712],[-84.85778577857786,30.698469846984697],[-84.87488748874887,30.672067206720673],[-84.88748874887489,30.663666366636665],[-84.8946894689469,30.644464446444644],[-84.9042904290429,30.636363636363637],[-84.90819081908191,30.619561956195618],[-84.93249324932493,30.606360636063606],[-84.88328832883289,30.605460546054605],[-84.88268826882688,30.533153315331532],[-84.81578157815781,30.533153315331532],[-84.81548154815482,30.51845184518452],[-84.78187818781878,30.51875187518752],[-84.78097809780978,30.459645964596458],[-84.71407140714071,30.460546054605462],[-84.71407140714071,30.417341734173416],[-84.68046804680468,30.417341734173416],[-84.68076807680768,30.38793879387939],[-84.64626462646265,30.38823882388239],[-84.62616261626162,30.408340834083408],[-84.6069606960696,30.416141614161415],[-84.5904590459046,30.41194119411941],[-84.56975697569757,30.426042604260427],[-84.56645664566457,30.433543354335434],[-84.54215421542155,30.44074407440744],[-84.52925292529252,30.44074407440744],[-84.52025202520252,30.45154515451545],[-84.4992499249925,30.453045304530452],[-84.45274527452746,30.462346234623464],[-84.42274227422742,30.463546354635465],[-84.4029402940294,30.475847584758476],[-84.3963396339634,30.486048604860486],[-84.4050405040504,30.50795079507951],[-84.38823882388239,30.526252625262526],[-84.39153915391539,30.53135313531353],[-84.37833783378338,30.573357335733572],[-84.34263426342635,30.597959795979598],[-84.33423342334234,30.597359735973598],[-84.32253225322532,30.620462046204622],[-84.3000300030003,30.642664266426642],[-84.3030303030303,30.674767476747675],[-84.28262826282628,30.685268526852685],[-84.38073807380738,30.69006900690069],[-84.47434743474348,30.69276927692769],[-84.53945394539454,30.696669666966695],[-84.83618361836183,30.71077107710771],[-84.86348634863486,30.711371137113712],[-84.86468646864687,30.711671167116712]]]},"properties":{"name":"Gadsden"}},
{"type":"Feature","geometry":{"type":"Polygon","coordinates":[[[-82.93729372937294,29.591059105910592],[-82.94299429942994,29.585358535853587],[-82.95019501950195,29.556255625562557],[-82.97689768976898,29.540654065406542],[-82.96939693969397,29.522352235223522],[-82.98199819981998,29.517251725172517],[-82.98439843984399,29.471047104710472],[-83.01290129012901,29.445844584458445],[-83.02130213021302,29.431143114311432],[-83.01620162016202,29.422742274227424],[-83.03600360036003,29.38823882388239],[-83.06450645064507,29.373837383738373],[-83.06330633063307,29.36183618361836],[-83.06840684068406,29.343834383438345],[-83.11941194119412,29.317131713171317],[-83.13951395139514,29.324032403240324],[-83.14611461146114,29.311431143114312],[-83.16681668166817,29.288628862886288],[-83.15151515151516,29.29192919291929],[-83.12571257125713,29.27872787278728],[-83.0972097209721,29.272427242724273],[-83.07740774077408,29.255325532553254],[-83.08670867086708,29.224722472247226],[-83.08610861086109,29.20942094209421],[-83.06780678067807,29.178817881788177],[-83.06810681068107,29.153015301530154],[-83.05640564056405,29.12991299129913],[-83.04140414041404,29.137713771377136],[-83.02100210021003,29.139513951395138],[-83.01350135013502,29.154515451545155],[-83.003300330033,29.157215721572157],[-82.998499849985,29.174017401740173],[-82.94539453945394,29.167716771677167],[-82.92259225922592,29.16981698169817],[-82.87638763876387,29.15931593159316],[-82.85808580858085,29.162316231623162],[-82.83408340834083,29.154815481548155],[-82.81398139813982,29.162616261626162],[-82.80468046804681,29.146714671467148],[-82.8085808580858,29.125712571257125],[-82.8016801680168,29.116711671167117],[-82.81548154815482,29.102010201020104],[-82.81548154815482,29.072907290729074],[-82.79987998799879,29.075007500750075],[-82.78337833783378,29.06930693069307],[-82.77707770777077,29.057305730573056],[-82.76387638763876,29.054605460546053],[-82.75337533753375,29.026402640264028],[-82.76417641764176,28.999699969997],[-82.75937593759376,28.992499249924993],[-82.75547554755475,29.001800180018],[-82.72697269726973,29.018001800180016],[-82.71197119711971,29.03090309030903],[-82.6897689768977,29.033903390339034],[-82.67536753675367,29.026102610261027],[-82.65256525652565,29.023102310231025],[-82.61266126612661,29.00930093009301],[-82.6021602160216,29.013501350135012],[-82.5937593759376,29.03000300030003],[-82.57665766576658,29.02820282028203],[-82.55685568556855,29.033603360336034],[-82.53555355535553,29.045004500450045],[-82.53585358535854,29.13111311131113],[-82.53495349534954,29.214821482148214],[-82.40324032403241,29.215721572157214],[-82.40534053405341,29.315331533153316],[-82.40564056405641,29.42904290429043],[-82.40654065406541,29.485148514851485],[-82.4962496249625,29.485448544854485],[-82.4962496249625,29.47824782478248],[-82.55685568556855,29.48004800480048],[-82.55745574557456,29.537653765376536],[-82.5988598859886,29.537653765376536],[-82.65646564656466,29.535553555355534],[-82.65616561656165,29.564956495649565],[-82.75637563756375,29.562556255625562],[-82.75697569756976,29.577557755775576],[-82.77287728772878,29.584758475847586],[-82.85658565856586,29.584158415841586],[-82.85658565856586,29.591359135913592],[-82.93729372937294,29.591059105910592]]]},"properties":{"name":"Levy"}},
{"type":"Feature","geometry":{"type":"Polygon","coordinates":[[[-85.992799279928,30.38943894389439],[-85.99579957995799,30.26912691269127],[-85.94779477947795,30.249024902490248],[-85.87818781878188,30.215721572157214],[-85.81128112811281,30.178217821782177],[-85.77527752775278,30.156315631563157],[-85.72907290729073,30.11821182118212],[-85.6996699669967,30.098709870987097],[-85.61716171617162,30.062106210621064],[-85.59555955595559,30.05070507050705],[-85.55385538553855,30.01200120012001],[-85.53705370537054,30.003900390039004],[-85.5085508550855,29.97209720972097],[-85.48124812481248,29.957995799579958],[-85.45514551455146,29.956795679567957],[-85.42034203420341,29.94719471947195],[-85.38913891389139,29.924692469246924],[-85.39153915391539,30.000600060006],[-85.3897389738974,30.145214521452147],[-85.3897389738974,30.2010201020102],[-85.38883888388838,30.265826582658267],[-85.38793879387939,30.421842184218423],[-85.38673867386738,30.435343534353436],[-85.38403840384038,30.566756675667566],[-85.43474347434743,30.567656765676567],[-85.48634863486349,30.567656765676567],[-85.48574857485748,30.51935193519352],[-85.4878487848785,30.436543654365437],[-85.66696669666966,30.43894389438944],[-85.85358535853585,30.44074407440744],[-85.87038703870387,30.419741974197418],[-85.88388838883888,30.41014101410141],[-85.9075907590759,30.405940594059405],[-85.92139213921392,30.415841584158414],[-85.94029402940293,30.408640864086408],[-85.96489648964896,30.41074107410741],[-85.98169816981698,30.392139213921393],[-85.992799279928,30.38943894389439]]]},"properties":{"name":"Bay"}},
{"type":"Feature","geometry":{"type":"Polygon","coordinates":[[[-81.56585658565857,26.76957695769577],[-81.56645664566457,26.70957095709571],[-81.56375637563757,26.513351335133514],[-81.46624662466246,26.513951395139514],[-81.45124512451245,26.515451545154516],[-81.27182718271827,26.516951695169517],[-81.27182718271827,26.422742274227424],[-81.26822682268227,26.252925292529252],[-81.10681068106811,26.255925592559255],[-80.87968796879687,26.259225922592258],[-80.88118811881188,26.333933393339333],[-80.87998799879988,26.345934593459347],[-80.88298829882989,26.465046504650466],[-80.88568856885689,26.60936093609361],[-80.88598859885988,26.76927692769277],[-80.88568856885689,26.95889588958896],[-80.94539453945394,26.768976897689768],[-81.08310831083108,26.768376837683768],[-81.43444344434444,26.768676867686768],[-81.43504350435043,26.783378337833785],[-81.45934593459346,26.783378337833785],[-81.45934593459346,26.768976897689768],[-81.56585658565857,26.76957695769577]]]},"properties":{"name":"Hendry"}},
{"type":"Feature","geometry":{"type":"Polygon","coordinates":[[[-80.67776777677767,27.206120612061206],[-80.67746774677468,27.12151215121512],[-80.68556855685569,27.114611461146115],[-80.88568856885689,26.95889588958896],[-80.61806180618062,26.957695769576958],[-80.44374437443744,26.957695769576958],[-80.38463846384639,26.95829582958296],[-80.25472547254725,26.957095709570957],[-80.14191419141915,26.956495649564957],[-80.14161416141614,26.97089708970897],[-80.07980798079808,26.97059705970597],[-80.09390939093909,27.018601860186017],[-80.11671167116711,27.072307230723073],[-80.13381338133813,27.102010201020104],[-80.15751575157516,27.163216321632163],[-80.15331533153315,27.16921692169217],[-80.16141614161417,27.192919291929194],[-80.1995199519952,27.263126312631265],[-80.28472847284729,27.263726372637265],[-80.28562856285629,27.206120612061206],[-80.37593759375937,27.205520552055205],[-80.48154815481548,27.206420642064206],[-80.67776777677767,27.206120612061206]]]},"properties":{"name":"Martin"}},
{"type":"Feature","geometry":{"type":"Polygon","coordinates":[[[-82.04950495049505,30.186918691869188],[-82.04950495049505,30.143114311431145],[-82.04830483048305,29.938493849384937],[-82.04650465046505,29.819681968196818],[-82.04620462046205,29.747074707470748],[-82.04920492049204,29.71857185718572],[-82.02880288028803,29.71857185718572],[-82.007200720072,29.739573957395738],[-81.97569756975697,29.747074707470748],[-81.93939393939394,29.74737473747375],[-81.93099309930993,29.756075607560756],[-81.92349234923492,29.780978097809783],[-81.90939093909391,29.793579357935794],[-81.89078907890789,29.7980798079808],[-81.86198619861986,29.8001800180018],[-81.82178217821782,29.826282628262828],[-81.81248124812481,29.836483648364837],[-81.58115811581158,29.84008400840084],[-81.59915991599159,29.875487548754876],[-81.60846084608461,29.915691569156916],[-81.5997599759976,29.936693669366935],[-81.5997599759976,29.952295229522953],[-81.6102610261026,29.97029702970297],[-81.62466246624662,29.981398139813983],[-81.67116711671167,30.007200720072007],[-81.68886888688868,30.02850285028503],[-81.68886888688868,30.064806480648066],[-81.68166816681668,30.07890789078908],[-81.68016801680169,30.12121212121212],[-81.6918691869187,30.142214221422144],[-81.69036903690369,30.17191719171917],[-81.67956795679568,30.19051905190519],[-81.8025802580258,30.18901890189019],[-81.95559555955596,30.186318631863188],[-82.04950495049505,30.186918691869188]]]},"properties":{"name":"Clay"}},
{"type":"Feature","geometry":{"type":"MultiPolygon","coordinates":[[[[-80.37623762376238,25.305730573057307],[-80.37923792379237,25.288328832883288],[-80.37113711371137,25.29132913291329],[-80.37623762376238,25.305730573057307]]],[[[-80.4878487848785,25.208220822082207],[-80.47944794479447,25.213621362136212],[-80.46564656465647,25.21182118211821],[-80.44974497449745,25.198019801980198],[-80.44314431443145,25.185118511851186],[-80.45184518451845,25.178517851785177],[-80.46174617461746,25.16021602160216],[-80.45694569456946,25.141614161416143],[-80.46144614461446,25.13261326132613],[-80.44254425442544,25.122412241224122],[-80.43324332433244,25.10771077107711],[-80.4866486648665,25.05280528052805],[-80.4968496849685,25.047104710471046],[-80.51575157515751,25.014701470147013],[-80.52685268526852,25.018301830183017],[-80.54395439543954,25.014101410141013],[-80.55595559555955,24.974497449744973],[-80.56945694569457,24.96189618961896],[-80.6006600660066,24.95949594959496],[-80.60156015601561,24.94869486948695],[-80.61326132613262,24.944194419441946],[-80.64326432643264,24.912991299129914],[-80.66066606660667,24.903990399039905],[-80.65766576657666,24.897389738973896],[-80.63396339633964,24.914191419141915],[-80.62286228622862,24.926792679267926],[-80.59795979597959,24.94749474947495],[-80.56945694569457,24.954695469546955],[-80.55175517551756,24.97149714971497],[-80.53195319531953,24.998199819982],[-80.51635163516352,25.003900390039004],[-80.50945094509451,25.014401440144013],[-80.48964896489649,25.03000300030003],[-80.4935493549355,25.03870387038704],[-80.46144614461446,25.07020702070207],[-80.44314431443145,25.076207620762077],[-80.43054305430543,25.08970897089709],[-80.42394239423942,25.104410441044106],[-80.41044104410442,25.102910291029104],[-80.39963996399639,25.10861086108611],[-80.37713771377138,25.13021302130213],[-80.36963696369637,25.15001500150015],[-80.35823582358236,25.153315331533154],[-80.35373537353735,25.17011701170117],[-80.36033603360336,25.177017701770176],[-80.34353435343534,25.195319531953196],[-80.33453345334533,25.216321632163215],[-80.31593159315932,25.23882388238824],[-80.3078307830783,25.255925592559255],[-80.28742874287428,25.284128412841284],[-80.27752775277527,25.31023102310231],[-80.26012601260126,25.324932493249324],[-80.25292529252926,25.340534053405342],[-80.26702670267026,25.351935193519353],[-80.27362736273628,25.34713471347135],[-80.28052805280528,25.328832883288328],[-80.3066306630663,25.300630063006302],[-80.34413441344134,25.276627662766277],[-80.33213321332133,25.263126312631265],[-80.33453345334533,25.24032403240324],[-80.35283528352835,25.207620762076207],[-80.37173717371738,25.206420642064206],[-80.37263726372638,25.1986198619862],[-80.38943894389439,25.198019801980198],[-80.4017401740174,25.192019201920193],[-80.41674167416741,25.1986198619862],[-80.42034203420341,25.21182118211821],[-80.41344134413441,25.235523552355236],[-80.39963996399639,25.23852385238524],[-80.3978397839784,25.253525352535252],[-80.41104110411041,25.253525352535252],[-80.41884188418842,25.236423642364237],[-80.43354335433543,25.236423642364237],[-80.44134413441344,25.243924392439244],[-80.46714671467147,25.234623462346235],[-80.46834683468347,25.23012301230123],[-80.4935493549355,25.22742274227423],[-80.4878487848785,25.208220822082207]]],[[[-80.84818481848185,24.805880588058805],[-80.82448244824482,24.81248124812481],[-80.7944794479448,24.81218121812181],[-80.81008100810081,24.824182418241826],[-80.83618361836183,24.80918091809181],[-80.84818481848185,24.805880588058805]]],[[[-81.12481248124813,24.70717071707171],[-81.10801080108011,24.688568856885688],[-81.08250825082509,24.69186918691869],[-81.06720672067206,24.714971497149715],[-81.03420342034204,24.727272727272727],[-81.02370237023702,24.716771677167717],[-80.99219921992199,24.733273327332732],[-80.93849384938494,24.767476747674767],[-80.96399639963997,24.763576357635763],[-80.994299429943,24.744074407440745],[-81.02580258025803,24.733573357335732],[-81.03660366036604,24.742874287428744],[-81.05070507050705,24.737473747374736],[-81.07680768076807,24.716471647164717],[-81.09030903090309,24.716471647164717],[-81.12481248124813,24.70717071707171]]],[[[-81.28082808280828,24.655565556555654],[-81.24482448244825,24.66906690669067],[-81.26012601260126,24.674767476747675],[-81.28082808280828,24.655565556555654]]],[[[-81.33063306330634,24.72967296729673],[-81.3126312631263,24.727272727272727],[-81.31743174317431,24.739273927392738],[-81.33063306330634,24.72967296729673]]],[[[-81.35613561356135,25.703570357035705],[-81.35553555355536,25.69246924692469],[-81.33813381338133,25.69276927692769],[-81.34113411341134,25.712571257125713],[-81.35613561356135,25.703570357035705]]],[[[-81.47014701470147,25.803480348034803],[-81.45784578457845,25.797779777977798],[-81.44134413441344,25.7992799279928],[-81.42394239423942,25.793579357935794],[-81.41494149414942,25.784278427842786],[-81.38133813381339,25.775577557755774],[-81.38193819381938,25.74917491749175],[-81.36003600360036,25.741674167416743],[-81.35523552355235,25.728772877287728],[-81.33033303330333,25.71077107710771],[-81.31203120312031,25.702970297029704],[-81.2904290429043,25.687368736873687],[-81.28982898289829,25.654365436543653],[-81.27332733273327,25.63846384638464],[-81.27152715271527,25.614461446144613],[-81.24182418241824,25.606660666066606],[-81.24272427242724,25.592259225922593],[-81.23372337233724,25.568856885688568],[-81.22562256225622,25.55835583558356],[-81.20942094209421,25.54875487548755],[-81.2031203120312,25.534053405340533],[-81.20972097209722,25.506450645064508],[-81.1890189018902,25.48064806480648],[-81.16801680168017,25.46954695469547],[-81.16711671167117,25.45094509450945],[-81.15721572157216,25.434443444344435],[-81.14701470147014,25.404440444044404],[-81.15061506150614,25.38733873387339],[-81.14131413141314,25.381338133813383],[-81.12301230123012,25.379237923792378],[-81.12511251125113,25.36123612361236],[-81.11731173117312,25.354935493549355],[-81.12151215121513,25.338733873387337],[-81.14011401140114,25.341134113411343],[-81.15181518151815,25.324632463246324],[-81.15241524152415,25.305430543054307],[-81.15931593159316,25.298529852985297],[-81.16171617161716,25.275427542754276],[-81.16711671167117,25.27002700270027],[-81.17191719171917,25.222322232223224],[-81.15541554155415,25.208220822082207],[-81.14221422142214,25.183018301830185],[-81.14101410141014,25.157215721572157],[-81.12751275127513,25.155415541554156],[-81.1119111911191,25.145514551455147],[-81.08400840084009,25.116111611161116],[-81.05040504050405,25.128412841284128],[-81.02310231023102,25.12931293129313],[-80.999099909991,25.124212421242124],[-80.97179717971797,25.133813381338133],[-80.94329432943294,25.134413441344133],[-80.91599159915991,25.141314131413143],[-80.9006900690069,25.139813981398138],[-80.9000900090009,25.162016201620162],[-80.88538853885389,25.165316531653165],[-80.87548754875488,25.174317431743173],[-80.85778577857786,25.176717671767175],[-80.85808580858085,25.243024302430243],[-80.86198619861986,25.243024302430243],[-80.86228622862286,25.364236423642364],[-80.87308730873087,25.363936393639364],[-80.87308730873087,25.615061506150614],[-80.87308730873087,25.805280528052805],[-81.21272127212721,25.803780378037803],[-81.37923792379237,25.803180318031803],[-81.47014701470147,25.803480348034803]]],[[[-81.81218121812181,24.54875487548755],[-81.80348034803481,24.544554455445546],[-81.73537353735374,24.556855685568557],[-81.68526852685268,24.55865586558656],[-81.66516651665167,24.573357335733572],[-81.64416441644164,24.574857485748574],[-81.6042604260426,24.586258625862587],[-81.56405640564057,24.603960396039604],[-81.55925592559255,24.60966096609661],[-81.53435343534353,24.617761776177616],[-81.51905190519052,24.618961896189617],[-81.51065106510652,24.625562556255627],[-81.50585058505851,24.654365436543653],[-81.48184818481849,24.647764776477647],[-81.44674467446745,24.653465346534652],[-81.40654065406541,24.642364236423642],[-81.4017401740174,24.623462346234625],[-81.39483948394839,24.621062106210623],[-81.34653465346534,24.635763576357636],[-81.32793279327933,24.645364536453645],[-81.31293129312931,24.647164716471647],[-81.29702970297029,24.655265526552654],[-81.30873087308731,24.664566456645666],[-81.31953195319532,24.702670267026704],[-81.34173417341734,24.70717071707171],[-81.35943594359436,24.728472847284728],[-81.36633663366337,24.742274227422744],[-81.36543654365437,24.76927692769277],[-81.37173717371738,24.779177917791777],[-81.40534053405341,24.792679267926793],[-81.42034203420341,24.777977797779776],[-81.45154515451546,24.766876687668766],[-81.45784578457845,24.781878187818783],[-81.43954395439543,24.803780378037803],[-81.44344434443444,24.813381338133812],[-81.47524752475248,24.7989798979898],[-81.4980498049805,24.792679267926793],[-81.51575157515751,24.756075607560756],[-81.56135613561356,24.76027602760276],[-81.57125712571258,24.756375637563757],[-81.58445844584459,24.736573657365735],[-81.64386438643865,24.712271227122713],[-81.65646564656466,24.702970297029704],[-81.67236723672367,24.699369936993698],[-81.7011701170117,24.677767776777678],[-81.74557455745574,24.659765976597658],[-81.75427542754275,24.654065406540653],[-81.76537653765376,24.632763276327633],[-81.72847284728473,24.617461746174616],[-81.72187218721872,24.606660666066606],[-81.75277527752775,24.580258025802582],[-81.76657665766577,24.585958595859587],[-81.79387938793879,24.575757575757574],[-81.80708070807081,24.56165616561656],[-81.81218121812181,24.54875487548755]]],[[[-82.14551455145515,24.58985898589859],[-82.12181218121812,24.581758175817583],[-82.11821182118211,24.56975697569757],[-82.0996099609961,24.574557455745573],[-82.1017101710171,24.585058505850586],[-82.12481248124813,24.597059705970597],[-82.14551455145515,24.58985898589859]]]]},"properties":{"name":"Monroe"}},
{"type":"Feature","geometry":{"type":"Polygon","coordinates":[[[-81.84578457845785,26.33033303330333],[-81.83318331833183,26.294629462946293],[-81.82058205820582,26.236723672367237],[-81.81458145814581,26.173117311731172],[-81.80888088808881,26.152115211521153],[-81.8016801680168,26.09150915091509],[-81.78487848784879,26.054005400540053],[-81.77317731773178,26.033003300330034],[-81.76237623762377,26.006000600060005],[-81.74917491749174,25.991599159915992],[-81.74467446744674,25.96999699969997],[-81.75547554755475,25.957395739573958],[-81.73207320732074,25.93159315931593],[-81.72937293729373,25.90939093909391],[-81.71797179717971,25.90789078907891],[-81.68946894689469,25.85268526852685],[-81.67746774677468,25.85028502850285],[-81.66966696669667,25.866486648664868],[-81.67506750675068,25.876387638763877],[-81.64236423642365,25.905490549054907],[-81.62256225622562,25.89078907890789],[-81.60486048604861,25.89198919891989],[-81.58235823582358,25.876687668766877],[-81.57275727572757,25.865586558655867],[-81.55265526552655,25.858385838583857],[-81.54785478547855,25.84968496849685],[-81.53435343534353,25.856585658565855],[-81.52295229522953,25.84098409840984],[-81.49294929492949,25.83078307830783],[-81.46384638463846,25.81128112811281],[-81.47014701470147,25.803480348034803],[-81.37923792379237,25.803180318031803],[-81.21272127212721,25.803780378037803],[-80.87308730873087,25.805280528052805],[-80.87278727872787,25.979297929792978],[-80.87278727872787,26.000300030003],[-80.87908790879088,26.17251725172517],[-80.87968796879687,26.259225922592258],[-81.10681068106811,26.255925592559255],[-81.26822682268227,26.252925292529252],[-81.27182718271827,26.422742274227424],[-81.27182718271827,26.516951695169517],[-81.45124512451245,26.515451545154516],[-81.46624662466246,26.513951395139514],[-81.56375637563757,26.513351335133514],[-81.56225622562256,26.422742274227424],[-81.65946594659466,26.420942094209423],[-81.65796579657966,26.317431743174318],[-81.81908190819082,26.316231623162317],[-81.81908190819082,26.33033303330333],[-81.84578457845785,26.33033303330333]]]},"properties":{"name":"Collier"}},
{"type":"Feature","geometry":{"type":"Polygon","coordinates":[[[-84.64626462646265,30.38823882388239],[-84.66366636663666,30.378337833783377],[-84.67056705670566,30.364236423642364],[-84.67926792679268,30.368136813681367],[-84.68526852685268,30.34983498349835],[-84.7020702070207,30.342034203420344],[-84.71527152715271,30.33003300330033],[-84.7008700870087,30.31893189318932],[-84.71347134713471,30.300030003000302],[-84.62796279627963,30.300330033003302],[-84.50945094509451,30.301830183018303],[-84.24752475247524,30.303630363036305],[-84.24122412241225,30.274227422742275],[-84.07560756075607,30.273627362736274],[-84.07590759075907,30.36993699369937],[-84.07470747074707,30.434443444344435],[-84.04140414041404,30.463246324632465],[-84.04110411041104,30.52175217521752],[-83.97719771977198,30.522052205220522],[-84.001500150015,30.583858385838585],[-84.00780078007801,30.60936093609361],[-84.00750075007501,30.672067206720673],[-84.08370837083709,30.675667566756676],[-84.28262826282628,30.685268526852685],[-84.3030303030303,30.674767476747675],[-84.3000300030003,30.642664266426642],[-84.32253225322532,30.620462046204622],[-84.33423342334234,30.597359735973598],[-84.34263426342635,30.597959795979598],[-84.37833783378338,30.573357335733572],[-84.39153915391539,30.53135313531353],[-84.38823882388239,30.526252625262526],[-84.4050405040504,30.50795079507951],[-84.3963396339634,30.486048604860486],[-84.4029402940294,30.475847584758476],[-84.42274227422742,30.463546354635465],[-84.45274527452746,30.462346234623464],[-84.4992499249925,30.453045304530452],[-84.52025202520252,30.45154515451545],[-84.52925292529252,30.44074407440744],[-84.54215421542155,30.44074407440744],[-84.56645664566457,30.433543354335434],[-84.56975697569757,30.426042604260427],[-84.5904590459046,30.41194119411941],[-84.6069606960696,30.416141614161415],[-84.62616261626162,30.408340834083408],[-84.64626462646265,30.38823882388239]]]},"properties":{"name":"Leon"}},
{"type":"Feature","geometry":{"type":"MultiPolygon","coordinates":[[[[-80.25862586258626,25.35973597359736],[-80.25022502250225,25.344734473447346],[-80.24152415241524,25.355535553555356],[-80.22922292229222,25.383138313831385],[-80.23132313231324,25.38733873387339],[-80.21662166216622,25.405940594059405],[-80.24242424242425,25.3990399039904],[-80.25532553255326,25.380738073807382],[-80.25862586258626,25.35973597359736]]],[[[-80.87308730873087,25.805280528052805],[-80.87308730873087,25.615061506150614],[-80.87308730873087,25.363936393639364],[-80.86228622862286,25.364236423642364],[-80.86198619861986,25.243024302430243],[-80.85808580858085,25.243024302430243],[-80.85778577857786,25.176717671767175],[-80.83318331833183,25.17251725172517],[-80.82628262826283,25.16051605160516],[-80.8097809780978,25.168916891689168],[-80.81458145814581,25.182718271827184],[-80.7944794479448,25.180018001800182],[-80.7995799579958,25.163216321632163],[-80.78307830783078,25.165916591659165],[-80.77647764776478,25.16051605160516],[-80.75427542754275,25.15841584158416],[-80.74227422742274,25.142514251425144],[-80.73867386738674,25.16171617161716],[-80.72247224722473,25.15961596159616],[-80.71077107710771,25.151815181518153],[-80.68136813681369,25.174317431743173],[-80.65316531653166,25.164416441644164],[-80.67056705670566,25.144314431443146],[-80.65256525652565,25.145814581458147],[-80.65556555655566,25.154815481548155],[-80.64686468646865,25.17281728172817],[-80.66396639663967,25.176717671767175],[-80.65226522652266,25.192919291929194],[-80.63876387638764,25.19081908190819],[-80.6090609060906,25.203120312031203],[-80.6030603060306,25.19021902190219],[-80.58325832583259,25.2010201020102],[-80.58205820582059,25.21062106210621],[-80.52955295529553,25.215121512151214],[-80.51935193519351,25.222622262226224],[-80.4980498049805,25.1998199819982],[-80.4878487848785,25.208220822082207],[-80.4935493549355,25.22742274227423],[-80.46834683468347,25.23012301230123],[-80.46714671467147,25.234623462346235],[-80.44134413441344,25.243924392439244],[-80.43354335433543,25.236423642364237],[-80.41884188418842,25.236423642364237],[-80.41104110411041,25.253525352535252],[-80.3978397839784,25.253525352535252],[-80.3981398139814,25.276927692769277],[-80.38583858385839,25.29102910291029],[-80.37923792379237,25.288328832883288],[-80.37623762376238,25.305730573057307],[-80.37053705370538,25.323132313231323],[-80.34263426342635,25.33153315331533],[-80.32643264326433,25.357035703570357],[-80.3102310231023,25.373237323732372],[-80.3126312631263,25.38793879387939],[-80.32793279327933,25.396939693969397],[-80.32613261326132,25.438043804380438],[-80.33993399339934,25.46774677467747],[-80.33963396339634,25.500150015001502],[-80.33093309330933,25.517851785178518],[-80.33153315331533,25.528352835283528],[-80.31443144314431,25.536153615361535],[-80.30273027302731,25.57185718571857],[-80.30873087308731,25.604260426042604],[-80.2982298229823,25.621662166216623],[-80.28622862286228,25.620162016201622],[-80.27212721272127,25.63906390639064],[-80.26732673267327,25.658865886588657],[-80.24512451245124,25.698469846984697],[-80.24902490249025,25.713471347134714],[-80.23792379237923,25.727272727272727],[-80.20852085208521,25.745574557455747],[-80.17881788178818,25.746174617461747],[-80.15421542154215,25.723072307230723],[-80.17251725172517,25.70957095709571],[-80.16681668166817,25.701170117011703],[-80.17731773177317,25.686468646864686],[-80.15301530153015,25.671467146714672],[-80.15601560156016,25.698469846984697],[-80.14791479147915,25.725772577257725],[-80.15931593159316,25.732973297329732],[-80.14521452145215,25.741674167416743],[-80.13111311131114,25.76987698769877],[-80.12091209120912,25.813081308130812],[-80.11881188118812,25.845784578457845],[-80.12181218121812,25.897989798979896],[-80.11791179117911,25.975397539753974],[-80.2952295229523,25.97059705970597],[-80.2949294929493,25.956795679567957],[-80.45124512451245,25.956795679567957],[-80.67986798679868,25.956795679567957],[-80.68016801680169,25.978697869786977],[-80.87278727872787,25.979297929792978],[-80.87308730873087,25.805280528052805]]]]},"properties":{"name":"Miami-Dade"}},
{"type":"Feature","geometry":{"type":"Polygon","coordinates":[[[-82.05640564056405,27.207620762076207],[-82.05760576057605,27.125412541254125],[-82.05760576057605,27.032103210321033],[-81.99249924992499,27.031803180318033],[-81.98319831983198,27.035103510351036],[-81.77167716771677,27.033903390339034],[-81.56255625562557,27.033903390339034],[-81.56225622562256,27.071407140714072],[-81.56405640564057,27.340534053405342],[-81.71077107710771,27.340234023402342],[-81.85868586858686,27.340234023402342],[-81.85898589858986,27.336633663366335],[-82.05580558055806,27.338133813381337],[-82.05640564056405,27.207620762076207]]]},"properties":{"name":"DeSoto"}},
{"type":"Feature","geometry":{"type":"Polygon","coordinates":[[[-82.64296429642964,27.38973897389739],[-82.62376237623762,27.362136213621362],[-82.5904590459046,27.328232823282328],[-82.56915691569156,27.298529852985297],[-82.56015601560156,27.295229522952294],[-82.56975697569757,27.27932793279328],[-82.56405640564057,27.26972697269727],[-82.54515451545154,27.261026102610263],[-82.52205220522052,27.22832283228323],[-82.4998499849985,27.180618061806182],[-82.47704770477047,27.141314131413143],[-82.44584458445844,27.060606060606062],[-82.4095409540954,27.004500450045004],[-82.4005400540054,26.984998499849986],[-82.37503750375038,26.945694569456947],[-82.25562556255626,26.945394539453947],[-82.25502550255025,27.033003300330034],[-82.05760576057605,27.032103210321033],[-82.05760576057605,27.125412541254125],[-82.05640564056405,27.207620762076207],[-82.25352535253525,27.208820882088208],[-82.25232523252325,27.386138613861387],[-82.44704470447044,27.386138613861387],[-82.5016501650165,27.38853885388539],[-82.64296429642964,27.38973897389739]]]},"properties":{"name":"Sarasota"}},
{"type":"Feature","geometry":{"type":"Polygon","coordinates":[[[-80.86888688868886,27.822382238223824],[-80.88148814881488,27.822382238223824],[-80.87998799879988,27.733573357335732],[-80.87368736873687,27.733873387338733],[-80.87308730873087,27.642364236423642],[-80.77797779777978,27.643264326432643],[-80.77707770777077,27.55865586558656],[-80.67986798679868,27.55835583558356],[-80.52925292529252,27.55835583558356],[-80.32163216321632,27.557455745574558],[-80.33093309330933,27.596159615961597],[-80.34383438343835,27.616261626162615],[-80.36453645364537,27.684668466846684],[-80.38433843384338,27.741074107410743],[-80.41614161416142,27.7986798679868],[-80.44704470447044,27.859885988598858],[-80.45484548454846,27.854785478547853],[-80.4911491149115,27.854485448544853],[-80.4968496849685,27.83828382838284],[-80.50915091509151,27.822082208220824],[-80.6069606960696,27.822382238223824],[-80.77017701770177,27.823582358235825],[-80.86888688868886,27.822382238223824]]]},"properties":{"name":"Indian River"}},
{"type":"Feature","geometry":{"type":"Polygon","coordinates":[[[-81.56255625562557,27.033603360336034],[-81.56495649564957,26.857485748574856],[-81.56585658565857,26.76957695769577],[-81.45934593459346,26.768976897689768],[-81.45934593459346,26.783378337833785],[-81.43504350435043,26.783378337833785],[-81.43444344434444,26.768676867686768],[-81.08310831083108,26.768376837683768],[-80.94539453945394,26.768976897689768],[-80.88568856885689,26.95889588958896],[-80.87488748874887,27.095109510951094],[-80.87128712871286,27.154815481548155],[-80.88088808880889,27.165916591659165],[-80.89798979897989,27.165916591659165],[-80.9099909990999,27.176117611761175],[-80.91749174917491,27.18991899189919],[-80.94059405940594,27.205820582058205],[-80.96189618961897,27.21062106210621],[-81.16921692169217,27.20972097209721],[-81.16831683168317,27.12181218121812],[-81.26762676267627,27.12121212121212],[-81.26732673267327,27.032403240324033],[-81.34263426342635,27.032403240324033],[-81.56255625562557,27.033603360336034]]]},"properties":{"name":"Glades"}},
{"type":"Feature","geometry":{"type":"Polygon","coordinates":[[[-83.36723672367236,30.260426042604262],[-83.36663666366637,30.2010201020102],[-83.36843684368436,30.18721872187219],[-83.36843684368436,30.128712871287128],[-83.37023702370237,29.98769876987699],[-83.37083708370837,29.887788778877887],[-83.35313531353135,29.887788778877887],[-83.35283528352835,29.822082208220824],[-83.31893189318932,29.822682268226824],[-83.15271527152716,29.823882388238825],[-82.95919591959196,29.825382538253827],[-82.92049204920492,29.824182418241826],[-82.91869186918692,29.824182418241826],[-82.9039903990399,29.824182418241826],[-82.8925892589259,29.82838283828383],[-82.88568856885689,29.854485448544853],[-82.87548754875488,29.866486648664868],[-82.87968796879687,29.886888688868886],[-82.8949894989499,29.900390039003902],[-82.91209120912092,29.904890489048906],[-82.92529252925293,29.924692469246924],[-82.92049204920492,29.93009300930093],[-82.93069306930693,29.957395739573958],[-82.95049504950495,29.95829582958296],[-82.96039603960396,29.975097509750974],[-82.96309630963097,29.993099309930994],[-82.97419741974197,29.996699669966997],[-82.97929792979298,30.007500750075007],[-83.003300330033,30.01080108010801],[-83.01320132013201,30.032103210321033],[-83.04140414041404,30.054605460546053],[-83.06660666066607,30.065406540654067],[-83.07170717071708,30.082208220822082],[-83.08730873087309,30.082808280828083],[-83.0966096609661,30.09000900090009],[-83.11101110111011,30.09090909090909],[-83.11431143114311,30.102310231023104],[-83.12931293129313,30.098709870987097],[-83.16051605160516,30.10981098109811],[-83.16771677167716,30.100810081008103],[-83.18031803180318,30.098709870987097],[-83.2010201020102,30.105910591059107],[-83.21212121212122,30.103210321032105],[-83.22622262226223,30.114911491149115],[-83.22472247224722,30.135313531353134],[-83.23852385238524,30.152115211521153],[-83.23312331233123,30.168616861686168],[-83.24872487248724,30.183918391839185],[-83.25022502250225,30.2007200720072],[-83.24002400240025,30.22742274227423],[-83.25022502250225,30.231923192319233],[-83.24722472247225,30.260726072607262],[-83.36723672367236,30.260426042604262]]]},"properties":{"name":"Lafayette"}},
{"type":"Feature","geometry":{"type":"Polygon","coordinates":[[[-81.52355235523552,29.622562256225624],[-81.52055205520553,29.496549654965495],[-81.48724872487249,29.447044704470446],[-81.48604860486049,29.424242424242426],[-81.47614761476147,29.396039603960396],[-81.45154515451546,29.39003900390039],[-81.43384338433843,29.3984398439844],[-81.42064206420642,29.3996399639964],[-81.41734173417342,29.261026102610263],[-81.20942094209421,29.264026402640265],[-81.15001500150015,29.265826582658267],[-81.15391539153916,29.382838283828384],[-81.15601560156016,29.41104110411041],[-81.14881488148815,29.416741674167415],[-81.10201020102011,29.426942694269428],[-81.12391239123913,29.474347434743475],[-81.16351635163517,29.555355535553556],[-81.21302130213022,29.67056705670567],[-81.24722472247225,29.659165916591657],[-81.26252625262526,29.666066606660667],[-81.28202820282029,29.65046504650465],[-81.2976297629763,29.65106510651065],[-81.30993099309931,29.642064206420642],[-81.32433243324333,29.653465346534652],[-81.32403240324032,29.625562556255627],[-81.52355235523552,29.622562256225624]]]},"properties":{"name":"Flagler"}},
{"type":"Feature","geometry":{"type":"Polygon","coordinates":[[[-82.55415541554156,27.645664566456645],[-82.56285628562857,27.637863786378638],[-82.56555655565556,27.615661566156614],[-82.57755775577557,27.5994599459946],[-82.61176117611761,27.585358535853587],[-82.61206120612061,27.57125712571257],[-82.63216321632163,27.552055205520553],[-82.64146414641465,27.525652565256525],[-82.67476747674768,27.51965196519652],[-82.68706870687069,27.50795079507951],[-82.69036903690369,27.496549654965495],[-82.7068706870687,27.498349834983497],[-82.7116711671167,27.50885088508851],[-82.7080708070807,27.523252325232523],[-82.74257425742574,27.539453945394538],[-82.74287428742875,27.53105310531053],[-82.72457245724573,27.513651365136514],[-82.70777077707771,27.487548754875487],[-82.6909690969097,27.444344434443444],[-82.69006900690069,27.434443444344435],[-82.66096609660966,27.41254125412541],[-82.64296429642964,27.38973897389739],[-82.5016501650165,27.38853885388539],[-82.44704470447044,27.386138613861387],[-82.25232523252325,27.386138613861387],[-82.25352535253525,27.208820882088208],[-82.05640564056405,27.207620762076207],[-82.05580558055806,27.338133813381337],[-82.05550555055505,27.473147314731474],[-82.05430543054305,27.646264626462646],[-82.38493849384939,27.646264626462646],[-82.4983498349835,27.645364536453645],[-82.55415541554156,27.645664566456645]]]},"properties":{"name":"Manatee"}},
{"type":"Feature","geometry":{"type":"Polygon","coordinates":[[[-80.67986798679868,27.55835583558356],[-80.67866786678668,27.448544854485448],[-80.67776777677767,27.294029402940293],[-80.67776777677767,27.206120612061206],[-80.48154815481548,27.206420642064206],[-80.37593759375937,27.205520552055205],[-80.28562856285629,27.206120612061206],[-80.28472847284729,27.263726372637265],[-80.1995199519952,27.263126312631265],[-80.22682268226822,27.322832283228323],[-80.23342334233423,27.341434143414343],[-80.26132613261326,27.394239423942395],[-80.2907290729073,27.466546654665468],[-80.2907290729073,27.474347434743475],[-80.31173117311731,27.525352535253525],[-80.32163216321632,27.557455745574558],[-80.52925292529252,27.55835583558356],[-80.67986798679868,27.55835583558356]]]},"properties":{"name":"St. Lucie"}},
{"type":"Feature","geometry":{"type":"Polygon","coordinates":[[[-86.78577857785778,30.996999699969997],[-86.78817881788179,30.871887188718873],[-86.79087908790879,30.780378037803782],[-86.79387938793879,30.625862586258627],[-86.7956795679568,30.617161716171616],[-86.7995799579958,30.38733873387339],[-86.73867386738674,30.393339333933394],[-86.65706570657066,30.396939693969397],[-86.62526252625263,30.396639663966397],[-86.52025202520252,30.386738673867388],[-86.5061506150615,30.382238223822384],[-86.44374437443744,30.383138313831385],[-86.39723972397239,30.378637863786377],[-86.3933393339334,30.497149714971496],[-86.39153915391539,30.655265526552654],[-86.3921392139214,30.693969396939693],[-86.3885388538854,30.994299429942995],[-86.51995199519952,30.993099309930994],[-86.56345634563456,30.995199519951996],[-86.68826882688269,30.994599459945995],[-86.72547254725472,30.996999699969997],[-86.78577857785778,30.996999699969997]]]},"properties":{"name":"Okaloosa"}},
{"type":"Feature","geometry":{"type":"Polygon","coordinates":[[[-86.03510351035104,30.993399339933994],[-86.03750375037504,30.805880588058805],[-86.03750375037504,30.704470447044706],[-85.84428442844285,30.703270327032705],[-85.83978397839783,30.717371737173718],[-85.82598259825983,30.725172517251725],[-85.82538253825382,30.738373837383737],[-85.83198319831983,30.756975697569757],[-85.82148214821483,30.79087908790879],[-85.75187518751875,30.78967896789679],[-85.75187518751875,30.775577557755774],[-85.73507350735073,30.775277527752774],[-85.73597359735973,30.746474647464748],[-85.61896189618962,30.743774377437745],[-85.61986198619861,30.77167716771677],[-85.6033603360336,30.796279627962797],[-85.6000600060006,30.83048304830483],[-85.5949594959496,30.859585958595858],[-85.58415841584159,30.874587458745875],[-85.57545754575457,30.898589858985897],[-85.55925592559255,30.913891389138914],[-85.54785478547855,30.93219321932193],[-85.53195319531953,30.942094209420944],[-85.53045304530453,30.97149714971497],[-85.4980498049805,30.996999699969997],[-85.74947494749475,30.995199519951996],[-85.89348934893489,30.993399339933994],[-86.03510351035104,30.993399339933994]]]},"properties":{"name":"Holmes"}},
{"type":"Feature","geometry":{"type":"Polygon","coordinates":[[[-80.88118811881188,26.333933393339333],[-80.87968796879687,26.259225922592258],[-80.87908790879088,26.17251725172517],[-80.87278727872787,26.000300030003],[-80.87278727872787,25.979297929792978],[-80.68016801680169,25.978697869786977],[-80.67986798679868,25.956795679567957],[-80.45124512451245,25.956795679567957],[-80.2949294929493,25.956795679567957],[-80.2952295229523,25.97059705970597],[-80.11791179117911,25.975397539753974],[-80.10891089108911,26.09000900090009],[-80.1050105010501,26.095409540954094],[-80.1029102910291,26.135013501350134],[-80.08730873087309,26.24122412241224],[-80.08010801080108,26.258625862586257],[-80.07470747074707,26.32103210321032],[-80.08790879087908,26.32073207320732],[-80.0993099309931,26.327632763276327],[-80.2040204020402,26.327932793279327],[-80.29702970297029,26.355535553555356],[-80.29702970297029,26.334233423342333],[-80.53975397539755,26.334833483348334],[-80.88118811881188,26.333933393339333]]]},"properties":{"name":"Broward"}},
{"type":"Feature","geometry":{"type":"Polygon","coordinates":[[[-81.9045904590459,30.82838283828383],[-81.9045904590459,30.817881788178816],[-81.92709270927092,30.817581758175816],[-81.93879387938794,30.82898289828983],[-81.96399639963997,30.818181818181817],[-81.96159615961597,30.8010801080108],[-81.97329732973297,30.778877887788777],[-81.98349834983499,30.777977797779776],[-82.004800480048,30.791479147914792],[-82.02340234023403,30.782778277827784],[-82.01140114011402,30.762676267626762],[-82.02700270027003,30.751275127512752],[-82.03690369036903,30.754575457545755],[-82.04470447044704,30.728472847284728],[-82.03630363036304,30.706570657065708],[-82.04350435043504,30.684668466846684],[-82.05040504050405,30.676267626762677],[-82.04950495049505,30.655565556555654],[-82.02850285028502,30.621962196219624],[-82.02700270027003,30.606060606060606],[-82.01200120012001,30.593759375937594],[-82.00540054005401,30.563456345634563],[-82.01320132013201,30.54995499549955],[-82.01890189018901,30.523852385238524],[-82.01470147014702,30.513051305130514],[-82.01770177017701,30.474947494749475],[-82.02820282028203,30.447344734473447],[-82.03720372037203,30.434443444344435],[-82.03390339033903,30.422442244224424],[-82.03990399039904,30.414341434143413],[-82.04110411041104,30.396939693969397],[-82.03600360036003,30.385238523852387],[-82.04080408040804,30.37023702370237],[-82.05010501050106,30.362436243624362],[-82.04920492049204,30.273327332733274],[-82.01140114011402,30.306030603060307],[-81.83108310831084,30.46744674467447],[-81.80948094809482,30.484548454845484],[-81.7947794779478,30.505550555055507],[-81.78157815781579,30.503450345034505],[-81.76537653765376,30.51875187518752],[-81.76387638763876,30.534953495349534],[-81.74677467746774,30.53075307530753],[-81.73837383738373,30.534653465346533],[-81.73507350735073,30.55895589558956],[-81.72247224722473,30.57095709570957],[-81.7095709570957,30.565856585658565],[-81.6987698769877,30.56945694569457],[-81.66786678667867,30.56075607560756],[-81.64176417641764,30.579957995799578],[-81.62466246624662,30.586258625862587],[-81.6033603360336,30.57245724572457],[-81.61296129612961,30.564056405640564],[-81.6102610261026,30.554455445544555],[-81.59225922592259,30.565256525652565],[-81.58865886588659,30.55055505550555],[-81.57725772577258,30.537953795379536],[-81.55535553555356,30.544554455445546],[-81.54305430543054,30.523852385238524],[-81.53015301530154,30.526252625262526],[-81.52145214521452,30.538853885388537],[-81.52385238523853,30.556255625562557],[-81.51395139513951,30.567356735673567],[-81.4995499549955,30.563756375637563],[-81.48004800480048,30.533453345334532],[-81.45544554455445,30.522052205220522],[-81.43594359435943,30.525952595259525],[-81.44344434443444,30.57035703570357],[-81.44194419441945,30.6012601260126],[-81.42904290429043,30.67086708670867],[-81.42574257425743,30.700570057005702],[-81.44404440444045,30.70957095709571],[-81.47584758475847,30.714671467146715],[-81.48964896489649,30.726072607260726],[-81.51605160516051,30.722172217221722],[-81.53105310531053,30.724272427242724],[-81.53375337533754,30.711971197119713],[-81.54935493549355,30.71827182718272],[-81.56075607560756,30.711671167116712],[-81.57365736573658,30.722472247224722],[-81.5964596459646,30.727272727272727],[-81.6057605760576,30.71977197719772],[-81.62346234623462,30.724572457245724],[-81.65136513651365,30.740774077407742],[-81.66336633663366,30.754275427542755],[-81.67296729672967,30.738973897389737],[-81.69486948694869,30.74827482748275],[-81.72007200720073,30.744674467446746],[-81.73297329732974,30.75037503750375],[-81.74047404740475,30.763576357635763],[-81.76957695769578,30.777077707770776],[-81.78367836783679,30.77287728772877],[-81.79267926792679,30.785478547854787],[-81.8073807380738,30.78997899789979],[-81.83918391839184,30.786678667866788],[-81.85358535853585,30.794479447944795],[-81.86828682868287,30.792979297929794],[-81.88148814881488,30.7998799879988],[-81.89108910891089,30.822382238223824],[-81.9045904590459,30.82838283828383]]]},"properties":{"name":"Nassau"}},
{"type":"Feature","geometry":{"type":"Polygon","coordinates":[[[-83.24722472247225,30.260726072607262],[-83.25022502250225,30.231923192319233],[-83.24002400240025,30.22742274227423],[-83.25022502250225,30.2007200720072],[-83.24872487248724,30.183918391839185],[-83.23312331233123,30.168616861686168],[-83.23852385238524,30.152115211521153],[-83.22472247224722,30.135313531353134],[-83.22622262226223,30.114911491149115],[-83.21212121212122,30.103210321032105],[-83.2010201020102,30.105910591059107],[-83.18031803180318,30.098709870987097],[-83.16771677167716,30.100810081008103],[-83.16051605160516,30.10981098109811],[-83.12931293129313,30.098709870987097],[-83.11431143114311,30.102310231023104],[-83.11101110111011,30.09090909090909],[-83.0966096609661,30.09000900090009],[-83.08730873087309,30.082808280828083],[-83.07170717071708,30.082208220822082],[-83.06660666066607,30.065406540654067],[-83.04140414041404,30.054605460546053],[-83.01320132013201,30.032103210321033],[-83.003300330033,30.01080108010801],[-82.97929792979298,30.007500750075007],[-82.97419741974197,29.996699669966997],[-82.96309630963097,29.993099309930994],[-82.96039603960396,29.975097509750974],[-82.95049504950495,29.95829582958296],[-82.93069306930693,29.957395739573958],[-82.92049204920492,29.93009300930093],[-82.92529252925293,29.924692469246924],[-82.91209120912092,29.904890489048906],[-82.8949894989499,29.900390039003902],[-82.87968796879687,29.886888688868886],[-82.86318631863186,29.911191119111912],[-82.83138313831383,29.912691269126913],[-82.8085808580858,29.933093309330932],[-82.8004800480048,29.93219321932193],[-82.78817881788179,29.951095109510952],[-82.76207620762077,29.964296429642964],[-82.76027602760276,29.986198619861987],[-82.79387938793879,29.986198619861987],[-82.7947794779478,30.146714671467148],[-82.7944794479448,30.336933693369335],[-82.83228322832284,30.346834683468348],[-82.84368436843684,30.340834083408343],[-82.85718571857186,30.35823582358236],[-82.87218721872188,30.366336633663366],[-82.88838883888388,30.368736873687368],[-82.89198919891989,30.38763876387639],[-82.90939093909391,30.382238223822384],[-82.93159315931594,30.39033903390339],[-82.95589558955895,30.413441344134412],[-82.98259825982598,30.419141914191417],[-82.98499849984998,30.425442544254427],[-83.00780078007801,30.422442244224424],[-83.03420342034204,30.43084308430843],[-83.07590759075907,30.426042604260427],[-83.07860786078608,30.438043804380438],[-83.12211221122112,30.432643264326433],[-83.13441344134414,30.421542154215423],[-83.15451545154515,30.417341734173416],[-83.17101710171018,30.385238523852387],[-83.19291929192919,30.374137413741373],[-83.1935193519352,30.357935793579358],[-83.21242124212421,30.345934593459347],[-83.20822082208221,30.33033303330333],[-83.2100210021002,30.311731173117312],[-83.22802280228022,30.299429942994298],[-83.23162316231623,30.283828382838283],[-83.24722472247225,30.260726072607262]]]},"properties":{"name":"Suwannee"}},
{"type":"Feature","geometry":{"type":"Polygon","coordinates":[[[-85.84428442844285,30.703270327032705],[-85.85808580858085,30.697569756975696],[-85.87548754875488,30.67986798679868],[-85.86918691869187,30.664266426642666],[-85.9057905790579,30.644764476447644],[-85.91509150915091,30.636963696369637],[-85.90819081908191,30.614161416141613],[-85.91269126912691,30.596159615961597],[-85.9030903090309,30.584758475847586],[-85.89018901890189,30.578757875787577],[-85.88778877887789,30.55925592559256],[-85.87968796879687,30.556255625562557],[-85.87728772877287,30.53195319531953],[-85.88718871887188,30.528052805280527],[-85.87908790879088,30.512151215121513],[-85.85988598859886,30.49024902490249],[-85.86678667866786,30.487548754875487],[-85.87788778877888,30.466846684668468],[-85.8913891389139,30.462646264626464],[-85.9012901290129,30.443744374437443],[-85.91629162916291,30.43864386438644],[-85.93579357935793,30.445244524452445],[-85.95289528952895,30.444044404440444],[-85.98199819981998,30.42964296429643],[-85.99369936993699,30.405040504050405],[-85.992799279928,30.38943894389439],[-85.98169816981698,30.392139213921393],[-85.96489648964896,30.41074107410741],[-85.94029402940293,30.408640864086408],[-85.92139213921392,30.415841584158414],[-85.9075907590759,30.405940594059405],[-85.88388838883888,30.41014101410141],[-85.87038703870387,30.419741974197418],[-85.85358535853585,30.44074407440744],[-85.66696669666966,30.43894389438944],[-85.4878487848785,30.436543654365437],[-85.48574857485748,30.51935193519352],[-85.48634863486349,30.567656765676567],[-85.43474347434743,30.567656765676567],[-85.43504350435043,30.625262526252627],[-85.43294329432943,30.701170117011703],[-85.43234323432343,30.785478547854787],[-85.48274827482749,30.785778577857787],[-85.48214821482148,30.82958295829583],[-85.6000600060006,30.83048304830483],[-85.6033603360336,30.796279627962797],[-85.61986198619861,30.77167716771677],[-85.61896189618962,30.743774377437745],[-85.73597359735973,30.746474647464748],[-85.73507350735073,30.775277527752774],[-85.75187518751875,30.775577557755774],[-85.75187518751875,30.78967896789679],[-85.82148214821483,30.79087908790879],[-85.83198319831983,30.756975697569757],[-85.82538253825382,30.738373837383737],[-85.82598259825983,30.725172517251725],[-85.83978397839783,30.717371737173718],[-85.84428442844285,30.703270327032705]]]},"properties":{"name":"Washington"}},
{"type":"Feature","geometry":{"type":"Polygon","coordinates":[[[-82.41884188418842,30.581758175817583],[-82.45964596459646,30.584158415841586],[-82.45694569456946,30.442844284428443],[-82.45844584458446,30.442844284428443],[-82.45754575457546,30.256825682568255],[-82.45844584458446,30.136513651365135],[-82.44374437443744,30.138013801380136],[-82.35943594359436,30.139213921392138],[-82.35943594359436,30.141014101410143],[-82.14251425142514,30.143114311431145],[-82.04950495049505,30.143114311431145],[-82.04950495049505,30.186918691869188],[-82.04920492049204,30.273327332733274],[-82.05010501050106,30.362436243624362],[-82.06840684068406,30.35913591359136],[-82.0948094809481,30.36063606360636],[-82.1047104710471,30.368436843684368],[-82.17011701170117,30.35883588358836],[-82.18001800180018,30.368736873687368],[-82.2040204020402,30.4014401440144],[-82.21032103210321,30.424542454245426],[-82.2040204020402,30.444644464446444],[-82.2076207620762,30.460546054605462],[-82.20132013201321,30.485148514851485],[-82.23042304230422,30.517251725172517],[-82.24032403240324,30.537653765376536],[-82.23432343234323,30.556555655565557],[-82.21482148214821,30.568556855685568],[-82.41884188418842,30.581758175817583]]]},"properties":{"name":"Baker"}}
]}